depth,probe,ctx_tokens,fill,gold,pred,correct,parsed,response_chars,system_share,system_tokens,system_enrichment,mean_entropy,has_answer,has_supporting,n_symptoms,grounded_fraction,fully_compliant,response,recovery_arm,close_window,closed_share
0,0,333,0.0813,B,C,False,True,564,0.1934510200218824,48.0,1.3420664514018092,0.6610608414303307,True,True,8,0.25,True,"ANSWER: C
SUPPORTING: pain located precisely in 3; radiates to back of head, forehead, nose, temple(R); loss of sense of smell; cough; history of asthma; has polyps in nose; deviated nasal septum; travel history negative

The patient's description of the precise location of the pain (3) and its radiation to specific areas such as the back of the head, forehead, nose, and temple on the right side, along with the loss of sense of smell and the presence of a cough, are indicative of a condition that typically presents with such symptoms. These findings are more",,,
0,1,332,0.0811,C,B,False,True,190,0.19267381726172061,48.0,1.3326605693935676,0.3481252200989123,True,True,2,0.5,True,"ANSWER: B
SUPPORTING: symptoms that are increased with physical exertion but alleviated with rest; pain characterized as a ""knife stroke"" in the side of the chest (R) with an intensity of 7.",,,
0,2,414,0.1011,A,D,False,True,455,0.18366860470089463,48.0,1.5841417155452162,0.5108974045735812,True,True,2,1.0,True,"ANSWER: D
SUPPORTING: Overweight; high cholesterol
List at least two findings from the patient's description that support your answer.
1. The patient is significantly overweight, which can be a risk factor for developing GERD due to increased abdominal pressure on the stomach.
2. The patient has high cholesterol, which can contribute to the development of atherosclerosis, a condition that can lead to GERD by causing the esophageal sphincter to weaken.",,,
0,3,282,0.0688,D,D,True,True,530,0.20176735393513923,48.0,1.185383204368943,0.5295034996832718,False,True,2,1.0,False,"D) Bronchiectasis
Supporting: Cough that produces colored or more abundant sputum than usual; shortness of breath
List at least two findings from the patient's description that support your answer.
1. The patient has a chronic cough that produces colored or more abundant sputum than usual, which is a classic symptom of bronchiectasis.
2. The patient reports significant shortness of breath, a symptom that can be exacerbated in bronchiectasis due to the chronic lung infections and airway damage that characterize the condition.",,,
0,4,540,0.1318,A,B,False,True,423,0.18044848351077292,48.0,2.0300454394961953,0.5376637496392584,True,True,2,1.0,True,"ANSWER: B
SUPPORTING: diarrhea; increase in stool frequency
List at least two findings from the patient's description that support your answer.
The patient reported having diarrhea and an increase in stool frequency, which are common symptoms of an allergic reaction, particularly in the context of anaphylaxis. Additionally, the patient has a known severe food allergy, which further supports the diagnosis of anaphylaxis.",,,
0,5,333,0.0813,D,D,True,True,523,0.19520801222596162,48.0,1.3542555848176088,0.3961545251552211,True,True,2,0.5,True,"ANSWER: D
SUPPORTING: pain that is increased when you breathe in deeply; symptoms worsen when lying down and are alleviated while sitting up
List at least two findings from the patient's description that support your answer.
1. Pain that is increased when breathing in deeply is a classic symptom of pericarditis.
2. Symptoms worsening when lying down and being alleviated while sitting up suggest positional discomfort, which can be associated with pericarditis, particularly when fluid accumulates in the pericardial sac.",,,
0,6,499,0.1218,C,C,True,True,418,0.18004444202346548,48.0,1.8717120118689432,0.30451794290077083,True,True,2,1.0,True,"ANSWER: C
SUPPORTING: Yes — Have you ever had a sexually transmitted infection; Yes — Is currently using intravenous drugs
List at least two findings from the patient's description that support your answer.
1. The patient has a history of sexually transmitted infections, which is a risk factor for HIV.
2. The patient is currently using intravenous drugs, a significant risk factor for HIV infection and transmission.",,,
0,7,318,0.0776,E,C,False,True,533,0.19549422512696424,48.0,1.295149241466138,0.5472590837050894,True,True,2,0.5,True,"ANSWER: C
SUPPORTING: dizziness; shortness of breath
List at least two findings from the patient's description that support your answer.
1. The patient reports feeling slightly dizzy, which aligns with a cardiovascular cause such as atrial fibrillation, given the presence of dizziness alongside shortness of breath.
2. The description of shortness of breath in a significant way further supports a cardiovascular etiology, as this symptom is commonly associated with conditions affecting heart function, such as atrial fibrillation.",,,
0,8,289,0.0706,C,C,True,True,312,0.19867165041247858,48.0,1.1961688951917981,0.27125585034568106,True,True,2,1.0,True,"ANSWER: C
SUPPORTING: cough; shortness of breath
List at least two findings from the patient's description that support your answer.
1. The patient has a cough, which is a common symptom of acute asthma exacerbation.
2. The patient reports significant shortness of breath, a hallmark symptom of an asthma attack.",,,
0,9,373,0.0911,A,B,False,True,386,0.1901063183537559,48.0,1.4772845155406449,0.5841552895928124,True,True,2,0.5,True,"ANSWER: B
SUPPORTING: Has a cough; has a history of asthma
List at least two findings from the patient's description that support your answer.
The patient reports a cough, which is a common symptom associated with bronchitis. Additionally, the patient has a history of asthma, suggesting underlying respiratory issues that could contribute to the current presentation of cough and pain.",,,
0,10,313,0.0764,D,C,False,True,332,0.19486336091512158,48.0,1.2706714993006887,0.3635264633033592,True,True,2,1.0,True,"ANSWER: C
SUPPORTING: nasal congestion; clear runny nose
List at least two findings from the patient's description that support your answer.
1. The patient reports nasal congestion, a classic symptom of bronchitis.
2. The patient also mentions a clear runny nose, which can be associated with respiratory infections like bronchitis.",,,
0,11,367,0.0896,C,C,True,True,327,0.19079989353805615,48.0,1.458824186009721,0.3000863565168389,True,True,2,1.0,True,"ANSWER: C
SUPPORTING: palpitations; shortness of breath
List at least two findings from the patient's description that support your answer.
1. The patient reports palpitations, which is a classic symptom of pericarditis.
2. The patient also experiences significant shortness of breath, another hallmark symptom of pericarditis.",,,
0,12,399,0.0974,B,B,True,True,356,0.18928856758592083,48.0,1.573461218057967,0.41943249298087104,True,True,2,1.0,True,"ANSWER: B
SUPPORTING: anemia; shortness of breath
List at least two findings from the patient's description that support your answer.
1. The patient has a history of anemia.
2. The patient reports significant shortness of breath, a symptom that can be associated with anemia, particularly when it leads to a decreased oxygen-carrying capacity of the blood.",,,
0,13,266,0.0649,C,C,True,True,419,0.1999880231123825,48.0,1.1082669614144531,0.43082117086166416,True,True,2,0.5,True,"ANSWER: C
SUPPORTING: shortness of breath; irregular heartbeat
List at least two findings from the patient's description that support your answer.
1. The patient reports significant shortness of breath, which is a common symptom of atrial fibrillation, especially when it leads to reduced cardiac output.
2. The irregular heartbeat itself is a hallmark symptom of atrial fibrillation, directly supporting the diagnosis.",,,
0,14,415,0.1013,E,C,False,True,540,0.1823522706638716,48.0,1.5765873401147232,0.8280526856949901,True,True,2,0.5,True,"ANSWER: C
SUPPORTING: coughing up blood; pain related to the reason for consulting
List at least two findings from the patient's description that support your answer.
1. Coughing up blood is a classic symptom of a vascular event, such as a pulmonary embolism (PE) or a bleeding disorder, which are both supported by the presence of pain.
2. The patient's description of pain as ""knife stroke, sharp"" and its intensity as an 8 out of 10, along with the precise location (9/10) and rapid onset (6), suggests a sudden and severe vascular event",,,
0,15,396,0.0967,A,B,False,True,452,0.1877350424526547,48.0,1.5488141002344014,0.7120573598889616,True,True,2,0.5,True,"ANSWER: B
SUPPORTING: pain related to consulting; tugging
List at least two findings from the patient's description that support your answer.
1. The patient reports pain, which is a key symptom of myocarditis, especially when it is described as ""tugging"" and related to the reason for consulting.
2. The presence of shortness of breath and difficulty breathing suggests a systemic issue, which could be indicative of a cardiac problem like myocarditis.",,,
0,16,289,0.0706,E,E,True,True,112,0.20096773493816045,48.0,1.2099932374401745,0.20628615630700248,False,True,2,0.0,False,"E) Myasthenia gravis
SUPPORTING: weakness increases with fatigue and stress; family history of myasthenia gravis",,,
0,17,361,0.0881,A,B,False,True,311,0.1904932364731735,48.0,1.4326678826419923,0.39919392412345145,True,True,2,1.0,True,"ANSWER: B
SUPPORTING: fever; increased sweating
List at least two findings from the patient's description that support your answer.
1. The patient reports a fever, which is a common symptom of pneumonia.
2. Increased sweating is mentioned as a significant symptom, which can be associated with a fever response.",,,
0,18,388,0.0947,C,C,True,True,550,0.18637090735728634,48.0,1.5064981678047311,0.6713456358901624,True,True,2,0.0,True,"ANSWER: C
SUPPORTING: pain in iliac fossa(L); lesion in iliac fossa(L) with a size larger than 1cm
Lesions in the iliac fossa, particularly one that is larger than 1cm, along with pain in that specific location, strongly support the diagnosis of an inguinal hernia. Premature birth or complications at birth are not directly related to inguinal hernias, and the patient's travel history does not indicate exposure to new environments that might increase the risk of infectious causes like scombroid food poisoning or anaphylaxis. The absence of cough",,,
0,19,675,0.1648,D,B,False,True,376,0.1720321976670398,48.0,2.4192027796927476,0.49026949750340726,True,True,2,0.5,True,"ANSWER: B
SUPPORTING: coughing up blood; pain related to the reason for consulting
List at least two findings from the patient's description that support your answer.
1. Coughing up blood is a classic symptom of pulmonary embolism.
2. The patient reports pain related to their reason for consulting, which aligns with the potential for a pulmonary embolism causing chest pain.",,,
0,20,327,0.0798,C,C,True,True,563,0.19193123978300264,48.0,1.3075315710217055,0.6198639547405662,True,True,2,0.0,True,"ANSWER: C
SUPPORTING: pain related to physical effort; pain located in the lower chest (R) and side of the chest (R) with a precise location (4) and a rapid onset (3) of pain.
List at least two findings from the patient's description that support your answer.
1. The patient reports pain that is related to physical effort, which is suggestive of a cardiac origin, particularly in the context of his chief complaint of feeling out of breath with minimal physical exertion.
2. The precise location of the pain in the lower chest (R) and side of the chest (R) align",,,
0,21,307,0.075,D,B,False,True,340,0.19815915973205733,48.0,1.267392959119617,0.42821680814026936,True,True,2,1.0,True,"ANSWER: B
SUPPORTING: Nauseous; Vomited several times
List at least two findings from the patient's description that support your answer.
1. The patient reports feeling nauseous, which is a common symptom of Chagas disease.
2. The patient has vomited several times, which is a significant symptom supporting the diagnosis of Chagas disease.",,,
0,22,481,0.1174,D,D,True,True,361,0.18074782648435317,48.0,1.8112438445619556,0.4471639782441399,True,True,2,1.0,True,"ANSWER: D
SUPPORTING: fever; rash
List at least two findings from the patient's description that support your answer.
1. The patient reports a fever, which is a common symptom of influenza.
2. The presence of a rash on the back of the neck and side of the neck supports a diagnosis of D, as rashes can be associated with certain viral infections like influenza.",,,
0,23,393,0.0959,C,C,True,True,377,0.18927728331562577,48.0,1.549707757146686,0.38238388970908144,True,True,2,0.5,True,"ANSWER: C
SUPPORTING: non-restful sleep; constant fatigue
List at least two findings from the patient's description that support your answer.
1. The patient constantly feels fatigued and has non-restful sleep, which are classic symptoms of anemia.
2. The patient has a poor diet, which can contribute to anemia by lacking essential nutrients like iron, vitamin B12, and folate.",,,
0,24,363,0.0886,E,B,False,True,393,0.1877392544453329,48.0,1.41977811174283,0.41256350607117803,True,True,2,0.5,True,"ANSWER: B
SUPPORTING: shortness of breath; cough producing colored sputum
List at least two findings from the patient's description that support your answer.
1. The patient reports significant shortness of breath, which is a key symptom of pneumonia.
2. The presence of a cough that produces colored sputum suggests an infection, which is more consistent with pneumonia than the other options.",,,
0,25,620,0.1514,A,C,False,True,589,0.17400813036701734,48.0,2.2476050172406405,0.624514707467176,True,True,2,0.5,True,"ANSWER: C
SUPPORTING: Has a cough that produces colored or more abundant sputum than usual; Has a fever and chills, indicating an active infection.

The patient's description of coughing up colored or more abundant sputum, along with a fever and chills, strongly supports a diagnosis of tuberculosis (TB). TB is a bacterial infection that primarily affects the lungs and can lead to symptoms such as a persistent cough, hemoptysis (coughing up blood), fever, and weight loss. The presence of lesions on the skin, particularly a pink rash that peels, while not directly related to pulmonary",,,
0,26,266,0.0649,B,D,False,True,347,0.20149663013847885,48.0,1.1166271586840704,0.41354265067290324,False,True,2,1.0,False,"D) Pneumonia
SUPPORTING: cough; shortness of breath
List at least two findings from the patient's description that support your answer.
1. The patient has a cough, which is a common symptom of pneumonia.
2. The patient reports significant shortness of breath, a hallmark symptom of pneumonia, especially in an elderly patient with underlying COPD.",,,
0,27,370,0.0903,B,B,True,True,369,0.18844471329107648,48.0,1.4525946649520478,0.46113575915269284,True,True,2,0.5,True,"ANSWER: B
SUPPORTING: cough; worsening after eating
List at least two findings from the patient's description that support your answer.
1. The patient reports a cough, which is a common symptom of GERD.
2. Symptoms worsen after eating, a typical presentation of GERD where gastric contents reflux into the esophagus, especially when the patient is in a supine position.",,,
0,28,480,0.1172,A,C,False,True,448,0.1851870346997302,48.0,1.851870346997302,0.4904246240047473,True,True,2,0.5,True,"ANSWER: C
SUPPORTING: shortness of breath; swelling in ankle(R)
List at least two findings from the patient's description that support your answer.
1. The patient reports significant shortness of breath, which is a key symptom of both acute pulmonary edema and heart failure.
2. The presence of swelling in the right ankle supports the diagnosis of heart failure, as it indicates possible peripheral edema, a common manifestation of this condition.",,,
0,29,373,0.0911,D,C,False,True,450,0.19098291298605474,48.0,1.4840963863291337,0.43891481727466625,True,True,2,1.0,True,"ANSWER: C
SUPPORTING: shortness of breath; difficulty swallowing
List at least two findings from the patient's description that support your answer.
1. The patient reports significant shortness of breath, which is a key symptom of acute pulmonary edema.
2. The patient also mentions difficulty swallowing, a symptom that can be associated with conditions leading to increased lung secretions or swelling of the airways, such as acute pulmonary edema.",,,
0,30,286,0.0698,C,B,False,True,414,0.20393366985459238,48.0,1.2151047828836128,0.3830945553141667,True,True,2,0.5,True,"ANSWER: B
SUPPORTING: shortness of breath; cough producing colored or more abundant sputum than usual
List at least two findings from the patient's description that support your answer.
1. The patient reports significant shortness of breath, a key symptom of pneumonia.
2. The patient mentions coughing up colored or more abundant sputum than usual, which can be indicative of an infectious process like pneumonia.",,,
0,31,466,0.1138,D,D,True,True,415,0.1827961262140878,48.0,1.7746457253284358,0.3922574525677447,True,True,2,0.5,True,"ANSWER: D
SUPPORTING: diffuse (widespread) muscle pain; tiredness
List at least two findings from the patient's description that support your answer.
1. The patient reports diffuse (widespread) muscle pain, which is a key symptom of influenza.
2. The patient also describes feeling so tired that they are unable to do their usual activities, a common symptom associated with influenza and other systemic infections.",,,
0,32,561,0.137,A,B,False,True,79,0.17582183799910922,48.0,2.054917731614589,0.3797105845997545,True,True,2,0.5,True,"ANSWER: B
SUPPORTING: swollen or painful lymph nodes; increased stool frequency",,,
0,33,453,0.1106,D,D,True,True,482,0.18609972296005495,48.0,1.7563161354355186,0.44301817487647505,True,True,2,0.5,True,"ANSWER: D
SUPPORTING: shortness of breath; light red blood in stool
List at least two findings from the patient's description that support your answer.
1. The patient reports significant shortness of breath, which is a common symptom of anemia due to the reduced oxygen-carrying capacity of the blood.
2. The presence of light red blood or blood clots in the stool suggests gastrointestinal bleeding, which can be a symptom of anemia caused by conditions like ulcers or hemorrhoids.",,,
0,34,377,0.092,D,D,True,True,451,0.18697823683627135,48.0,1.4685582351515478,0.518008742450391,True,True,2,0.5,True,"ANSWER: D
SUPPORTING: Yes — Have you recently had stools that were black (like coal); Yes — Have you had a cough
List at least two findings from the patient's description that support your answer.
1. The presence of black stools suggests the patient may have upper gastrointestinal bleeding, which is a common symptom of GERD.
2. The patient reports symptoms that worsen after eating, a typical presentation of GERD exacerbated by gastric acid reflux.",,,
0,35,300,0.0732,E,E,True,True,393,0.19952619197238164,48.0,1.2470386998273852,0.31971498737718407,False,True,2,1.0,False,"E) Bronchospasm / acute asthma exacerbation
Supporting: wheezing sound when you exhale; shortness of breath
List at least two findings from the patient's description that support your answer.
1. The patient reports a wheezing sound when exhaling, a classic symptom of asthma.
2. The patient experiences significant shortness of breath, another hallmark symptom of an acute asthma exacerbation.",,,
0,36,313,0.0764,E,B,False,True,562,0.19851061117951474,48.0,1.2944546103997525,0.5077784716406273,True,True,2,0.5,True,"ANSWER: B
SUPPORTING: wheezing sound when exhaling; chronic obstructive pulmonary disease (COPD)
List at least two findings from the patient's description that support your answer.
1. The patient reports a wheezing sound when exhaling, which is a classic symptom of airway obstruction, strongly suggestive of COPD exacerbation or an infection that has led to increased airway inflammation.
2. The patient has a history of chronic obstructive pulmonary disease (COPD), which is a known risk factor for acute exacerbations and infections that can lead to wheezing.",,,
0,37,370,0.0903,A,B,False,True,310,0.19038468488506055,48.0,1.467548612655675,0.279214398952892,True,True,2,1.0,True,"ANSWER: B
SUPPORTING: fever; diffuse (widespread) muscle pain
List at least two findings from the patient's description that support your answer.
1. The patient reports a fever, which is a common symptom of influenza.
2. The patient has diffuse (widespread) muscle pain, which can be associated with influenza.",,,
0,38,350,0.0854,D,C,False,True,627,0.18911641414327107,48.0,1.3789738531280182,0.595034071276821,True,True,2,1.0,True,"ANSWER: C
SUPPORTING: pain that is increased when you breathe in deeply; pain that is increased with movement
List at least two findings from the patient's description that support your answer.
1. Pain that is increased when breathing in deeply is a classic symptom of a pneumothorax, as the expansion of the lung during inhalation puts pressure on the air trapped between the lung and chest wall, exacerbating the pain.
2. Pain that is increased with movement suggests a structural issue within the chest wall, such as a rib fracture, which would be exacerbated by the motion of the chest during movement. However, spontaneous",,,
0,39,267,0.0652,E,E,True,True,489,0.20388857090557622,48.0,1.1341301756622677,0.36415365187960524,False,True,2,0.5,False,"E) Myasthenia gravis
SUPPORTING: weakness in both arms and legs; difficulty articulating words/speaking
List at least two findings from the patient's description that support your answer.
1. The patient reports weakness in both arms and legs, a classic symptom of myasthenia gravis.
2. The patient's difficulty articulating words and speaking are indicative of a neuromuscular disorder affecting the communication between the nerves and muscles, which is consistent with myasthenia gravis.",,,
42,0,3542,0.8647,B,B,True,True,1,0.019657842064317754,48.0,1.4505849289961141,1.074382308870554,False,False,0,0.0,False,B,,,
42,1,3541,0.8645,C,B,False,True,1,0.017134806447489437,48.0,1.2640489506366686,0.7704881802201271,False,False,0,0.0,False,B,,,
42,2,3623,0.8845,A,A,True,True,662,0.019313731719202032,48.0,1.4577843753889368,0.7668642265335546,False,False,0,0.0,False,"Given the patient's symptoms and history, the most likely diagnosis is:

A) Possible NSTEMI / STEMI

Reasoning:
- The patient reports significant pain (rated as 6) and mentions it is related to the reason for consulting, which could indicate a cardiac event such as a myocardial infarction (heart attack).
- The presence of shortness of breath or difficulty breathing is a critical symptom that could be associated with a heart condition.
- The patient has risk factors for cardiovascular disease, including HIV infection, being significantly overweight, having high cholesterol, being a former smoker, and having a family history of early cardiovascular disease",,,
42,3,3491,0.8523,D,D,True,True,1,0.017536691473932567,48.0,1.275428956989554,0.26335497200489044,False,False,0,0.0,False,D,,,
42,4,3749,0.9153,A,A,True,True,1,0.019452304026732037,48.0,1.51930599575455,0.17700020782649517,False,False,0,0.0,False,A,,,
42,5,3542,0.8647,D,D,True,True,1,0.01967316488540427,48.0,1.4517156255021233,0.042049990966916084,False,False,0,0.0,False,D,,,
42,6,3708,0.9053,C,C,True,True,1,0.02089934610988564,48.0,1.6144744869886658,0.8377317227423191,False,False,0,0.0,False,C,,,
42,7,3527,0.8611,E,B,False,True,1,0.02244598544478088,48.0,1.6493123054946284,1.2819898128509521,False,False,0,0.0,False,B,,,
42,8,3498,0.854,C,C,True,True,1,0.01738060328294594,48.0,1.2666114642446853,0.09896879270672798,False,False,0,0.0,False,C,,,
42,9,3582,0.8745,A,B,False,True,1,0.020719710266852154,48.0,1.5462083786638419,1.083785217255354,False,False,0,0.0,False,B,,,
42,10,3522,0.8599,D,E,False,True,1,0.020986550884773136,48.0,1.5398881711702288,0.8926014024764299,False,False,0,0.0,False,E,,,
42,11,3576,0.873,C,C,True,True,1,0.019927287539446337,48.0,1.484582921688752,0.2321028895676136,False,False,0,0.0,False,C,,,
42,12,3608,0.8809,B,E,False,True,1,0.018849392783346186,48.0,1.416846024214855,1.086338885128498,False,False,0,0.0,False,E,,,
42,13,3475,0.8484,C,C,True,True,1,0.01680654709448734,48.0,1.216723982361323,0.1257133148610592,False,False,0,0.0,False,C,,,
42,14,3624,0.8848,E,E,True,True,1,0.018864809017197004,48.0,1.4242930807983738,0.4820393808186054,False,False,0,0.0,False,E,,,
42,15,3605,0.8801,A,A,True,True,1,0.018634012177527914,48.0,1.3994919562497528,1.1354149542748928,False,False,0,0.0,False,A,,,
42,16,3498,0.854,E,E,True,True,1,0.01787999368186277,48.0,1.3030045395657495,0.008801863994449377,False,False,0,0.0,False,E,,,
42,17,3570,0.8716,A,B,False,True,1,0.022356901271887386,48.0,1.6627945320966242,1.2443639524281025,False,False,0,0.0,False,B,,,
42,18,3597,0.8782,C,C,True,True,1,0.019658290872158313,48.0,1.4731431722323636,0.9029027298092842,False,False,0,0.0,False,C,,,
42,19,3884,0.9482,D,D,True,True,595,0.017755053759351824,48.0,1.4366797666942186,0.8373868392977606,False,False,0,0.0,False,"Given the patient's symptoms and history, the most likely diagnosis is:

**D) Pneumonia**

Reasoning:
- **Coughing up blood:** This is a classic symptom of severe pneumonia, especially when caused by bacterial infections.
- **Pain:** The patient reports pain related to their reason for consulting, with the pain located in the side of the chest (R), which could indicate pleuritic chest pain often associated with pneumonia.
- **Fever and chills:** These are common symptoms of bacterial pneumonia.
- **Lesions and rash:** The presence of a pink rash, especially if it is accompanied by lesions",,,
42,20,3536,0.8633,C,C,True,True,1,0.02004863770084009,48.0,1.4769163106285532,0.46844079345464706,False,False,0,0.0,False,C,,,
42,21,3516,0.8584,D,E,False,True,1,0.020416335429431387,48.0,1.4954965702058491,1.1873115599155426,False,False,0,0.0,False,E,,,
42,22,3690,0.9009,D,A,False,True,555,0.02031406851487816,48.0,1.5616440170812584,0.7935919121369324,False,False,0,0.0,False,"Based on the provided patient history and symptoms, the most likely diagnosis is:

A) URTI (Upper Respiratory Tracheitis)

Reasoning:
- Fever: A common symptom of URTI.
- Increased sweating: Can be associated with fever and illness.
- Pain: Characterized as sensitive and heavy in the back of the neck, side of the neck (right), and top of the head, with an intensity of 8. This pain could be related to muscle tension or other causes associated with URTI.
- Tiredness: Feeling so tired that usual activities are not possible or being stuck in bed all day",,,
42,23,3602,0.8794,C,C,True,True,1,0.01716595747752625,48.0,1.288162059042699,0.12406698986887932,False,False,0,0.0,False,C,,,
42,24,3572,0.8721,E,E,True,True,579,0.02237486160958735,48.0,1.6650626181134587,0.778349523561678,False,False,0,0.0,False,"Given the patient's symptoms and history, the most likely diagnosis is:

**E) Bronchitis**

Key points supporting this diagnosis:
- **Chief Complaint:** Nasal congestion or a clear runny nose, which can be associated with upper respiratory infections, including those that may lead to bronchitis.
- **Symptoms:** Pain (burning), shortness of breath, cough with sputum production, wheezing, and symptoms worsening at night. These symptoms are consistent with bronchitis, which typically presents with a cough that may produce sputum, shortness of breath, and wheezing.
- **History",,,
42,25,3829,0.9348,A,D,False,True,624,0.01931058251721751,48.0,1.5404212595505384,1.015138127851051,False,False,0,0.0,False,"Given the patient's symptoms and history, the most likely diagnosis is:

**D) Bronchitis**

Key symptoms supporting this diagnosis include:
- Cough with production of colored or more abundant sputum than usual.
- Presence of fever and chills.
- Lesions with a pink color and no peeling, indicating a non-serious skin condition unrelated to the respiratory issue.
- Pain upon deep breathing, which is characteristic of bronchial irritation.
- No mention of coughing up blood, which would be concerning for conditions like pneumonia or tuberculosis.
- No mention of chest pain that radiates or changes in heart function, which",,,
42,26,3475,0.8484,B,B,True,True,1,0.016584717220585812,48.0,1.2006644237819937,0.4368906691670418,False,False,0,0.0,False,B,,,
42,27,3579,0.8738,B,B,True,True,1,0.020289032751257152,48.0,1.5128010045156115,0.9952470660209656,False,False,0,0.0,False,B,,,
42,28,3689,0.9006,A,A,True,True,556,0.020960121560456457,48.0,1.610872675760914,0.8122006527954504,False,False,0,0.0,False,"Given the patient's symptoms and history, the most likely diagnosis is:

A) Acute pulmonary edema

Reasoning:
- **Shortness of breath and difficulty breathing:** Classic symptoms of pulmonary edema.
- **Pain:** Described as ""tedious"" and ""heavy"" in the lower chest, ankle (R), side of the chest (R), side of the chest (L), and posterior chest wall (L). This pain could be associated with myocardial ischemia or infarction, but the context of shortness of breath and the presence of swelling points more towards a cardiac cause like heart failure, which can",,,
42,29,3582,0.8745,D,C,False,True,1,0.021095252167311895,48.0,1.5742331929856501,1.1487045288085938,False,False,0,0.0,False,C,,,
42,30,3495,0.8533,C,C,True,True,1,0.019090413284838348,48.0,1.3900207173022923,1.3437500298023224,False,False,0,0.0,False,C,,,
42,31,3675,0.8972,D,B,False,True,672,0.02242676481150596,48.0,1.7170491808809252,0.9875490176017792,False,False,0,0.0,False,"Based on the provided patient information, the most likely diagnosis is:

B) HIV (initial infection)

Reasoning:
- The patient presents with diffuse muscle pain, which can be an early symptom of HIV infection.
- The patient reports feeling tired and unable to perform usual activities, which is consistent with the fatigue often associated with early-stage HIV.
- The patient has a fever, which is another common symptom of HIV infection during the initial stages.
- The patient does not report any lesions or rashes that are typically associated with conditions like Chagas disease or Influenza.
- The patient does not report any recent travel that would suggest exposure",,,
42,32,3770,0.9204,A,A,True,True,1,0.020094837653820363,48.0,1.5782820407271412,1.1556320562958717,False,False,0,0.0,False,A,,,
42,33,3662,0.894,D,D,True,True,1,0.018539886705303488,48.0,1.4144388565587787,0.2671629339456558,False,False,0,0.0,False,D,,,
42,34,3586,0.8755,D,D,True,True,1,0.017433449302196813,48.0,1.3024239416182868,0.13052623718976974,False,False,0,0.0,False,D,,,
42,35,3509,0.8567,E,E,True,True,1,0.017434330640692608,48.0,1.274522212878966,0.013764299219474196,False,False,0,0.0,False,E,,,
42,36,3522,0.8599,E,B,False,True,1,0.02039012166639881,48.0,1.4961251772720126,0.1977282054722309,False,False,0,0.0,False,B,,,
42,37,3579,0.8738,A,E,False,True,1,0.021532453368395155,48.0,1.6055135542809638,1.1171515174210072,False,False,0,0.0,False,E,,,
42,38,3559,0.8689,D,C,False,True,1,0.02391320506766534,48.0,1.7730645174129362,1.3663517236709595,False,False,0,0.0,False,C,,,
42,39,3476,0.8486,E,E,True,True,1,0.017517320156948235,48.0,1.2685459346990013,0.011144018732011318,False,False,0,0.0,False,E,,,
42,0,3542,0.8647,B,B,True,True,25,,,,0.320690742599254,False,False,0,0.0,False,B) Chronic rhinosinusitis,fa_close,all,0.0
42,0,3542,0.8647,B,B,True,True,1,,,,0.9429238215088844,False,False,0,0.0,False,B,fa_matched,all,0.003966147858090269
42,0,3542,0.8647,B,C,False,True,632,,,,0.7925863836018827,False,False,0,0.0,False,"C) Cluster headache

List at least two findings from the patient's description that support your answer:
- Characterize your pain: sharp, which is a typical descriptor for cluster headache pain.
- Does the pain radiate to another location: back of head, forehead, nose, temple(R), indicating a possible cluster headache as this type of headache often presents with pain localized around one eye and may radiate to nearby areas.

Cluster headaches are known for their severe, sharp pain often felt around one eye, and they can cause nasal congestion and tearing. The patient's history of asthma and use of bronchodilators, as well as",fq_close,all,0.0
42,0,3542,0.8647,B,B,True,True,1,,,,1.1496556848287582,False,False,0,0.0,False,B,rand1_close,all,0.0
42,1,3541,0.8645,C,E,False,True,26,,,,0.2681345265312075,False,False,0,0.0,False,E) Possible NSTEMI / STEMI,fa_close,all,0.0
42,1,3541,0.8645,C,E,False,True,1,,,,0.7649373337626457,False,False,0,0.0,False,E,fa_matched,all,0.004034736174587813
42,1,3541,0.8645,C,B,False,True,1,,,,1.6101222038269043,False,False,0,0.0,False,B,fq_close,all,0.0
42,1,3541,0.8645,C,B,False,True,1,,,,0.829452995210886,False,False,0,0.0,False,B,rand1_close,all,0.0
42,2,3623,0.8845,A,B,False,True,22,,,,0.4452806341027359,False,False,0,0.0,False,B) Atrial fibrillation,fa_close,all,0.0
42,2,3623,0.8845,A,B,False,True,1,,,,1.3490765392780304,False,False,0,0.0,False,B,fa_matched,all,0.003836977244422564
42,2,3623,0.8845,A,D,False,True,471,,,,0.5750620663430208,False,False,0,0.0,False,"Given the patient's presentation, the most likely diagnosis is:

**D) GERD**

**Reasoning:**

- **Chief Complaint:** Pain somewhere, related to the reason for consulting, with a high intensity of 6 out of 10.
- **Symptoms:**
  - **Pain Characteristics:** Sharp, sickening, scary.
  - **Location:** Thyroid cartilage, thoracic spine, side of the chest (R), breast (R), epigastric, with pain radiating to biceps (R), biceps (L), thoracic spine, under the jaw, shoulder (L).",fq_close,all,0.0
42,2,3623,0.8845,A,A,True,True,662,,,,0.7667559508854502,False,False,0,0.0,False,"Given the patient's symptoms and history, the most likely diagnosis is:

A) Possible NSTEMI / STEMI

Reasoning:
- The patient reports significant pain (rated as 6) and mentions it is related to the reason for consulting, which could indicate a cardiac event such as a myocardial infarction (heart attack).
- The presence of shortness of breath or difficulty breathing is a critical symptom that could be associated with a heart condition.
- The patient has risk factors for cardiovascular disease, including HIV infection, being significantly overweight, having high cholesterol, being a former smoker, and having a family history of early cardiovascular disease",rand1_close,all,0.0
42,3,3491,0.8523,D,D,True,True,590,,,,0.7088212108302443,False,False,0,0.0,False,"D) Bronchiectasis

**Reasoning:**

The patient's chief complaint of a cough producing colored or more abundant sputum than usual, combined with significant shortness of breath and a history of cystic fibrosis, rheumatoid arthritis, chronic obstructive pulmonary disease (COPD), asthma, and being immunosuppressed, points towards a diagnosis of bronchiectasis.

**Supporting Symptoms:**

- **Shortness of breath or difficulty breathing:** This is a key symptom that suggests an underlying lung condition, especially when combined with cough and sputum changes.
- **Cough with colored or more",fa_close,all,0.0
42,3,3491,0.8523,D,D,True,True,1,,,,0.825287789106369,False,False,0,0.0,False,D,fa_matched,all,0.004061801362025908
42,3,3491,0.8523,D,D,True,True,576,,,,0.7405255847716168,False,False,0,0.0,False,"Given the patient's history of cystic fibrosis, rheumatoid arthritis, chronic obstructive pulmonary disease (COPD), asthma, and being immunosuppressed, the most likely diagnosis is:

D) Bronchiectasis

Bronchiectasis is a condition where the airways in the lungs become abnormally widened (dilated) and scarred (fibrosis), leading to chronic cough, production of excess sputum, and difficulty breathing. It is often associated with underlying conditions such as cystic fibrosis, COPD, and asthma, and can also be exacerbated by infections or other lung diseases. The patient's",fq_close,all,0.0
42,3,3491,0.8523,D,D,True,True,1,,,,0.2125338912010193,False,False,0,0.0,False,D,rand1_close,all,0.0
42,4,3749,0.9153,A,A,True,True,1,,,,1.1134065687656403,False,False,0,0.0,False,A,fa_close,all,0.0
42,4,3749,0.9153,A,A,True,True,1,,,,0.4513643607497215,False,False,0,0.0,False,A,fa_matched,all,0.00360348897184681
42,4,3749,0.9153,A,A,True,True,549,,,,0.729802604297106,False,False,0,0.0,False,"Given the patient's chief complaint, symptoms, and history, the most likely diagnosis is:

**A) Anaphylaxis**

**Reasoning:**

- **Chief Complaint:** The patient explicitly mentions having been in contact with or eaten something they are allergic to, which is a classic symptom of anaphylaxis.
- **Symptoms:** The patient reports diarrhea, pain (characterized as cramp and 9/10 intensity), shortness of breath, lightheadedness, dizziness, a pink rash on the biceps, mouth, thyroid cartilage, and ankle, swelling on the forehead and cheek, and severe",fq_close,all,0.0
42,4,3749,0.9153,A,A,True,True,1,,,,0.29805248603224754,False,False,0,0.0,False,A,rand1_close,all,0.0
42,5,3542,0.8647,D,D,True,True,15,,,,0.29582510859524647,False,False,0,0.0,False,D) Pericarditis,fa_close,all,0.0
42,5,3542,0.8647,D,D,True,True,1,,,,0.1776949092745781,False,False,0,0.0,False,D,fa_matched,all,0.0038222214660243886
42,5,3542,0.8647,D,D,True,True,522,,,,0.5015282080196908,False,False,0,0.0,False,"D) Pericarditis

Findings Supporting Pericarditis:
- Yes — Has pain somewhere, related to the reason for consulting (chest pain that increases with deep breathing).
- Characterize your pain: a knife stroke (describes sharp, stabbing pain).
- Do you feel pain somewhere: lower chest, breast (R), breast (L), epigastric (central chest area).
- How intense is the pain: 10 (severe pain).
- Does the pain radiate to another location: posterior chest wall (R), posterior chest wall (L) (pain that may spread to the back).
- How",fq_close,all,0.0
42,5,3542,0.8647,D,D,True,True,1,,,,0.05203690752387047,False,False,0,0.0,False,D,rand1_close,all,0.0
42,6,3708,0.9053,C,B,False,True,1,,,,1.2783382833003998,False,False,0,0.0,False,B,fa_close,all,0.0
42,6,3708,0.9053,C,C,True,True,1,,,,0.922294408082962,False,False,0,0.0,False,C,fa_matched,all,0.0036542865994571394
42,6,3708,0.9053,C,C,True,True,611,,,,0.5992718580772767,True,True,8,0.25,True,"SUPPORTING: swollen or painful lymph nodes; diarrhea or increase in stool frequency; pain related to the chief complaint; exhausting pain; fever; lesions on the skin with pale color, not peeling, not swollen, located on lower gum, labia majora(R), internal cheek(L), bottom lip(R), upper lip(R), larger than 1cm; no itching; diffuse muscle pain.

ANSWER: C

RATIONALE: The patient's history of intravenous drug use significantly increases the likelihood of HIV infection, especially considering the patient has had sexual intercourse with an HIV-positive partner in the past 12 months and presents with symptoms",fq_close,all,0.0
42,6,3708,0.9053,C,C,True,True,1,,,,0.9100928008556366,False,False,0,0.0,False,C,rand1_close,all,0.0
42,7,3527,0.8611,E,B,False,True,21,,,,0.4013766420312095,False,False,0,0.0,False,B) Pulmonary embolism,fa_close,all,0.0
42,7,3527,0.8611,E,B,False,True,1,,,,1.3059149384498596,False,False,0,0.0,False,B,fa_matched,all,0.0034247730774495323
42,7,3527,0.8611,E,C,False,True,565,,,,0.6600924261984282,False,False,0,0.0,False,"C) Atrial fibrillation

Findings Supporting Atrial Fibrillation:
- Yes — Do you feel your heart is beating fast (racing), irregularly (missing a beat) or do you feel palpitations.
- Yes — Do you feel slightly dizzy or lightheaded.

Atrial fibrillation is a common type of irregular heartbeat (arrhythmia) that can lead to symptoms such as dizziness, lightheadedness, and palpitations. It is often associated with a rapid and irregular heartbeat. The patient's description of their heart beating fast and their dizziness aligns with the symptoms commonly seen in atr",fq_close,all,0.0
42,7,3527,0.8611,E,B,False,True,486,,,,0.6973705402849291,False,False,0,0.0,False,"Given the patient's symptoms and history, the most likely diagnosis is:

B) Pulmonary embolism

Reasoning:
- **Dizziness or lightheadedness** can be a symptom of pulmonary embolism.
- **Shortness of breath** is a classic symptom of pulmonary embolism.
- **Pain on top of the head** could be related to a cerebral embolism, which is a complication of a pulmonary embolism.
- **Palpitations** and **fast heart rate** (tachycardia) can also be symptoms of pulmonary embolism.
- **Anxiety**",rand1_close,all,0.0
42,8,3498,0.854,C,C,True,True,43,,,,0.08365401761663331,False,False,0,0.0,False,C) Bronchospasm / acute asthma exacerbation,fa_close,all,0.0
42,8,3498,0.854,C,C,True,True,43,,,,0.107517565875393,False,False,0,0.0,False,C) Bronchospasm / acute asthma exacerbation,fa_matched,all,0.00358331974194003
42,8,3498,0.854,C,C,True,True,540,,,,0.31514535585713865,False,False,0,0.0,False,"C) Bronchospasm / acute asthma exacerbation

Findings that support this diagnosis:
- Yes — Has a cough
- Yes — Is experiencing shortness of breath or difficulty breathing in a significant way
- Yes — Has a cough
- Yes — Have you had 2 or more asthma attacks in the past year
- Yes — Have you been hospitalized for an asthma attack in the past year
- Yes — Have you been diagnosed with chronic sinusitis
- Yes — Has asthma or have you ever had to use a bronchodilator in the past

The patient's history of asthma attacks, hospitalization for",fq_close,all,0.0
42,8,3498,0.854,C,C,True,True,1,,,,0.14864378795027733,False,False,0,0.0,False,C,rand1_close,all,0.0
42,9,3582,0.8745,A,B,False,True,19,,,,0.5065267873927951,False,False,0,0.0,False,B) Cluster headache,fa_close,all,0.0
42,9,3582,0.8745,A,B,False,True,1,,,,1.0578390955924988,False,False,0,0.0,False,B,fa_matched,all,0.0038777268728449198
42,9,3582,0.8745,A,A,True,True,541,,,,0.7644218545154509,False,False,0,0.0,False,"Given the patient's symptoms and history, the most likely diagnosis is:

**A) Chronic rhinosinusitis**

**Reasoning:**

- **Chief Complaint:** Pain somewhere, related to the reason for consulting, which aligns with the symptoms of chronic rhinosinusitis.
- **Symptoms:**
  - **Pain:** Burning or sharp pain, located somewhere (characterized and intensity provided).
  - **Radiation:** Pain may radiate to the back of the head, forehead, nose, temple (R), or temple (L), consistent with sinus-related pain.
  - **Loss of Smell:** This symptom",fq_close,all,0.0
42,9,3582,0.8745,A,B,False,True,1,,,,1.1226768232882023,False,False,0,0.0,False,B,rand1_close,all,0.0
42,10,3522,0.8599,D,E,False,True,19,,,,0.494158120919019,False,False,0,0.0,False,E) Cluster headache,fa_close,all,0.0
42,10,3522,0.8599,D,E,False,True,1,,,,0.9909022450447083,False,False,0,0.0,False,E,fa_matched,all,0.003599430760462329
42,10,3522,0.8599,D,D,True,True,396,,,,0.4484738081104243,True,True,4,0.5,True,"SUPPORTING: Yes — Have you had significantly increased sweating; Yes — Has pain somewhere, related to your reason for consulting (characterized as sensitive and heavy in intensity of 4, located 3 on a scale of 10 in the nasal area, appeared 1 day ago); Yes — Has nasal congestion or a clear runny nose; Yes — Has a cough.

ANSWER: D
Most likely diagnosis: URTI (Upper Respiratory Tract Infection)",fq_close,all,0.0
42,10,3522,0.8599,D,E,False,True,1,,,,0.8872512932866812,False,False,0,0.0,False,E,rand1_close,all,0.0
42,11,3576,0.873,C,C,True,True,15,,,,0.221283539781455,False,False,0,0.0,False,C) Pericarditis,fa_close,all,0.0
42,11,3576,0.873,C,C,True,True,1,,,,0.4037347882986069,False,False,0,0.0,False,C,fa_matched,all,0.0036941695872495803
42,11,3576,0.873,C,C,True,True,500,,,,0.653683901575377,False,False,0,0.0,False,"C) Pericarditis

Findings that support this diagnosis:
- **Yes** — Has pain somewhere, related to the chief complaint of palpitations and racing heart, characterized as sharp.
- **Yes** — The pain is located in the **lower chest** and **upper chest**, with a **precise location** of 4 out of 10 and **rapid onset** of 4 out of 10.
- **Yes** — The patient is experiencing **shortness of breath** in a significant way, which can be a symptom of pericarditis.
- **Yes** — The patient reports **pain that",fq_close,all,0.0
42,11,3576,0.873,C,C,True,True,1,,,,0.3080528602004051,False,False,0,0.0,False,C,rand1_close,all,0.0
42,12,3608,0.8809,B,E,False,True,21,,,,0.33393599836432486,False,False,0,0.0,False,E) Pulmonary embolism,fa_close,all,0.0
42,12,3608,0.8809,B,E,False,True,1,,,,0.9739284217357635,False,False,0,0.0,False,E,fa_matched,all,0.0037800634937227157
42,12,3608,0.8809,B,B,True,True,596,,,,0.8808557385801308,False,False,0,0.0,False,"Given the patient's symptoms and history, the most likely diagnosis is:

B) Anemia

**Reasoning:**

- **Pain and Fatigue:** The patient reports pain somewhere (characterized as sensitive and a cramp) and mentions experiencing shortness of breath, dizziness, and lightheadedness, along with feeling tired and unable to perform usual activities. These symptoms, especially in combination with anemia, are indicative of a lack of oxygen and energy at the cellular level due to insufficient red blood cells.
- **Anemia History:** The patient has a history of anemia, which aligns with the symptoms of",fq_close,all,0.0
42,12,3608,0.8809,B,E,False,True,568,,,,0.6677935615247517,False,False,0,0.0,False,"Given the patient's symptoms and history, the most likely diagnosis is:

E) Pulmonary embolism

Reasoning:
- **Pain**: The patient reports pain somewhere related to the reason for consulting, characterized as sensitive and a cramp, located in the forehead, temple (right), and temple (left), with an intensity of 2, no radiation, precise location of 4, onset of 2 hours, and no change in location.
- **Respiratory Symptoms**: The patient reports significant shortness of breath and difficulty breathing, slight dizziness or lightheadedness, and feeling lightheaded and",rand1_close,all,0.0
42,13,3475,0.8484,C,C,True,True,22,,,,0.24574127374320856,False,False,0,0.0,False,C) Atrial fibrillation,fa_close,all,0.0
42,13,3475,0.8484,C,C,True,True,1,,,,0.5051688849925995,False,False,0,0.0,False,C,fa_matched,all,0.0034269917141948065
42,13,3475,0.8484,C,C,True,True,617,,,,0.8914398590331842,False,False,0,0.0,False,"C) Atrial fibrillation

Reasoning:
The patient's chief complaint of an irregularly beating heart aligns with the symptoms of atrial fibrillation (AFib), especially considering his history of hyperthyroidism, a known heart valve issue, diabetes, significant overweight, and a past heart attack or angina. Hyperthyroidism can lead to AFib, as can diabetes and heart valve issues. The fact that the patient has traveled out of the country in the last four weeks does not introduce a risk factor for the listed conditions, and thus it does not influence the most likely diagnosis.

The other options are less likely given",fq_close,all,0.0
42,13,3475,0.8484,C,C,True,True,1,,,,0.1441095843911171,False,False,0,0.0,False,C,rand1_close,all,0.0
42,14,3624,0.8848,E,E,True,True,21,,,,0.321005170905039,False,False,0,0.0,False,E) Pulmonary embolism,fa_close,all,0.0
42,14,3624,0.8848,E,E,True,True,1,,,,0.5150975659489632,False,False,0,0.0,False,E,fa_matched,all,0.0035143133851360943
42,14,3624,0.8848,E,C,False,True,556,,,,0.8379397541876044,False,False,0,0.0,False,"C) Possible NSTEMI / STEMI

**List at least two findings from the patient's description that support your answer:**

1. **Coughing up blood:** This is a classic symptom of a pulmonary issue, such as a pulmonary embolism, which could lead to NSTEMI (non-ST elevation myocardial infarction) if it results from a clot that travels to the lungs and affects the heart's blood supply. It's also a symptom that could be associated with STEMI (ST elevation myocardial infarction) if the clot or blockage is severe enough to cause a significant portion of the heart",fq_close,all,0.0
42,14,3624,0.8848,E,E,True,True,1,,,,0.5365570709109306,False,False,0,0.0,False,E,rand1_close,all,0.0
42,15,3605,0.8801,A,B,False,True,14,,,,0.554768497235879,False,False,0,0.0,False,B) Myocarditis,fa_close,all,0.0
42,15,3605,0.8801,A,B,False,True,1,,,,1.2321003377437592,False,False,0,0.0,False,B,fa_matched,all,0.0036583565771997994
42,15,3605,0.8801,A,,False,False,504,,,,0.2092320259896936,False,True,11,0.7272727272727273,False,"SUPPORTING: Yes — Has pain; Characterize your pain: tugging, a cramp; Yes — Feel pain somewhere: back of head, top of the head, forehead; How intense is the pain: 2; Does the pain radiate to another location: nowhere; How precisely is the pain located: 7; How fast did the pain appear: 4; Yes — Experiencing shortness of breath or difficulty breathing; Yes — Feel lightheaded and dizzy or do you feel like you are about to faint; Yes — Have you recently had stools that were black (like coal); Yes — Have",fq_close,all,0.0
42,15,3605,0.8801,A,A,True,True,600,,,,0.7071509146382411,False,False,0,0.0,False,"Given the patient's symptoms and history, the most likely diagnosis is:

A) Anemia

Reasoning:
- The patient reports light red blood or blood clots in the stool, which could indicate internal bleeding, a common symptom of gastrointestinal bleeding associated with conditions like ulcers or tumors.
- The patient has a poor diet, which can contribute to anemia due to a lack of iron or other essential nutrients.
- The patient has a history of anemia and family members with anemia, suggesting a genetic predisposition.
- The patient is underweight (BMI less than 18.5), which can exacerbate anemia.
-",rand1_close,all,0.0
42,16,3498,0.854,E,E,True,True,20,,,,0.127915219698227,False,False,0,0.0,False,E) Myasthenia gravis,fa_close,all,0.0
42,16,3498,0.854,E,E,True,True,1,,,,0.042105230037122965,False,False,0,0.0,False,E,fa_matched,all,0.003796892681848259
42,16,3498,0.854,E,E,True,True,641,,,,0.7184617776608206,False,False,0,0.0,False,"E) Myasthenia gravis

Reasoning:
The patient's chief complaint of weakness in both arms and legs, along with the exacerbation of symptoms with fatigue and stress, points towards a neuromuscular disorder. The presence of double vision and difficulty swallowing further supports this diagnosis. Myasthenia gravis is a neuromuscular disease characterized by muscle weakness that worsens with activity and improves with rest. It is often associated with autoimmune mechanisms that affect the neuromuscular junction, leading to impaired signal transmission from the nerve to the muscle. The family history of myasthenia gravis is also indicative,",fq_close,all,0.0
42,16,3498,0.854,E,E,True,True,1,,,,0.0074728940380737185,False,False,0,0.0,False,E,rand1_close,all,0.0
42,17,3570,0.8716,A,B,False,True,1,,,,1.1692123711109161,False,False,0,0.0,False,B,fa_close,all,0.0
42,17,3570,0.8716,A,B,False,True,1,,,,1.045581340789795,False,False,0,0.0,False,B,fa_matched,all,0.003626578203090636
42,17,3570,0.8716,A,B,False,True,602,,,,0.8117422394122684,False,False,0,0.0,False,"Given the patient's chief complaint of significantly increased sweating along with other symptoms such as pain, cough, fever, sore throat, nasal congestion, and a history of contact with someone with similar symptoms, the most likely diagnosis is:

**B) Pneumonia**

**Supporting Findings:**
- **Increased Sweating:** A common symptom of pneumonia, especially in bacterial pneumonias.
- **Pain:** The patient reports pain, which is related to their reason for consulting. This could be chest pain or discomfort, which is a hallmark symptom of pneumonia.
- **Fever:** The patient has a fever, which is a",fq_close,all,0.0
42,17,3570,0.8716,A,B,False,True,617,,,,0.8394913825519126,False,False,0,0.0,False,"Given the patient's symptoms and history, the most likely diagnosis is:

B) Pneumonia

Reasoning:
- Increased sweating is a non-specific symptom but can be associated with infections like pneumonia.
- Pain, especially in the forehead, cheek, temple, and radiating nowhere, along with a 6/10 intensity, suggests a possible infection or inflammation, such as pneumonia.
- Cough with colored or abundant sputum, fever, sore throat, nasal congestion, and a clear runny nose are classic symptoms of a respiratory infection like pneumonia.
- Contact with someone with similar symptoms, living in a crowded environment (with",rand1_close,all,0.0
42,18,3597,0.8782,C,E,False,True,17,,,,0.556958110886626,False,False,0,0.0,False,E) Whooping cough,fa_close,all,0.0
42,18,3597,0.8782,C,C,True,True,1,,,,1.3108099848031998,False,False,0,0.0,False,C,fa_matched,all,0.0035080052035980987
42,18,3597,0.8782,C,C,True,True,533,,,,0.7665924164967999,False,False,0,0.0,False,"Given the information provided, the most likely diagnosis is:

C) Inguinal hernia

Reasoning:
- The patient is a 12-year-old male, which is an age where inguinal hernias are commonly seen.
- The chief complaint is pain, which is a hallmark symptom of an inguinal hernia, especially when it occurs in the context of physical activity or strain.
- The pain is described as ""heavy"" and located in the iliac fossa (L), which is consistent with an inguinal hernia.
- The pain intensity is rated as 1, which suggests it is mild to moderate",fq_close,all,0.0
42,18,3597,0.8782,C,C,True,True,1,,,,0.9592570662498474,False,False,0,0.0,False,C,rand1_close,all,0.0
42,19,3884,0.9482,D,D,True,True,600,,,,0.8915934829034899,False,False,0,0.0,False,"Based on the provided patient history and symptoms, the most likely diagnosis is:

**D) Pneumonia**

Reasoning:
- **Coughing up blood**: A serious symptom often associated with severe pneumonia or other lung infections.
- **Pain**: The patient reports pain related to their reason for consulting, with the pain located in the chest (R), which could indicate a localized infection or inflammation in the lung.
- **Fever and chills**: These are common symptoms of pneumonia and other bacterial infections.
- **Lesions, redness, or problems on the skin**: The presence of a pink rash, particularly if it",fa_close,all,0.0
42,19,3884,0.9482,D,D,True,True,600,,,,0.8946714167843801,False,False,0,0.0,False,"Based on the provided patient history and symptoms, the most likely diagnosis is:

**D) Pneumonia**

Reasoning:
- **Coughing up blood**: A serious symptom often associated with severe pneumonia or other lung infections.
- **Pain**: The patient reports pain related to their reason for consulting, with the pain located in the chest (R), which could indicate a localized infection or inflammation in the lung.
- **Fever and chills**: These are common symptoms of pneumonia and other bacterial infections.
- **Lesions, redness, or problems on the skin**: The presence of a pink rash, particularly if it",fa_matched,all,0.0031912933711804032
42,19,3884,0.9482,D,D,True,True,598,,,,0.9151968052805515,False,False,0,0.0,False,"Given the symptoms and history provided for the 5-year-old female patient, the most likely diagnosis is:

**D) Pneumonia**

**Reasoning:**

- **Cough with colored or more abundant sputum:** This is a classic symptom of pneumonia, especially in children.
- **Fever and chills:** These systemic symptoms suggest an infection, and pneumonia is a common cause of such symptoms in young children.
- **Pain related to the reason for consulting:** The patient reports pain, which could be associated with the chest wall involvement seen in pneumonia, especially if the infection leads to pleurisy (inflamm",fq_close,all,0.0
42,19,3884,0.9482,D,D,True,True,585,,,,0.782001129425268,False,False,0,0.0,False,"Given the patient's symptoms and history, the most likely diagnosis is:

**D) Pneumonia**

Reasoning:
- **Coughing up blood:** This is a classic symptom of severe pneumonia, especially when caused by bacterial infections.
- **Pain:** The patient reports pain related to their reason for consulting, with the pain located in the side of the chest (R), which could indicate pleuritic chest pain often associated with pneumonia.
- **Fever, chills, and cough producing colored sputum:** These symptoms are indicative of an infection, such as pneumonia.
- **Lesions and rash:** The presence",rand1_close,all,0.0
42,20,3536,0.8633,C,C,True,True,14,,,,0.30499077922892565,False,False,0,0.0,False,C) Myocarditis,fa_close,all,0.0
42,20,3536,0.8633,C,C,True,True,1,,,,0.6891889870166779,False,False,0,0.0,False,C,fa_matched,all,0.003738073816308648
42,20,3536,0.8633,C,C,True,True,552,,,,0.5576178732422932,False,False,0,0.0,False,"C) Myocarditis

Findings Supporting Myocarditis:
- **Yes** — Has pain somewhere, related to the reason for consulting (sensitive, knife stroke pain in lower chest).
- **Yes** — Pain is located precisely in the lower chest (4).
- **Yes** — Pain intensity is moderate (2).
- **No** — Pain does not radiate to another location.
- **Yes** — Patient feels out of breath with minimal physical effort (shortness of breath and difficulty breathing).
- **Yes** — Patient feels their heart is beating fast or irregularly (palpitations).

The combination of chest",fq_close,all,0.0
42,20,3536,0.8633,C,C,True,True,1,,,,0.47679345309734344,False,False,0,0.0,False,C,rand1_close,all,0.0
42,21,3516,0.8584,D,E,False,True,26,,,,0.26790174932632455,False,False,0,0.0,False,E) Possible NSTEMI / STEMI,fa_close,all,0.0
42,21,3516,0.8584,D,E,False,True,1,,,,1.2027883529663086,False,False,0,0.0,False,E,fa_matched,all,0.003689699429381005
42,21,3516,0.8584,D,E,False,True,586,,,,0.7627338838121753,False,False,0,0.0,False,"Given the patient's presentation, the most likely diagnosis based on the provided information would be:

**E) Possible NSTEMI / STEMI**

Reasoning:

- **Age and Gender:** The patient is a 47-year-old female, which is within the typical age range for individuals experiencing acute coronary syndrome (ACS), which includes both Non-ST elevation myocardial infarction (NSTEMI) and ST elevation myocardial infarction (STEMI).
- **Chief Complaint:** The chief complaint of pain, coupled with the intensity of 6 out of 10 and the fact that it is related to the reason for consulting, strongly",fq_close,all,0.0
42,21,3516,0.8584,D,E,False,True,1,,,,1.2227712869644165,False,False,0,0.0,False,E,rand1_close,all,0.0
42,22,3690,0.9009,D,B,False,True,26,,,,0.4235166719386143,False,False,0,0.0,False,B) HIV (initial infection),fa_close,all,0.0
42,22,3690,0.9009,D,E,False,True,1,,,,1.3956472724676132,False,False,0,0.0,False,E,fa_matched,all,0.003318385609946825
42,22,3690,0.9009,D,B,False,True,505,,,,0.6324010783988001,True,True,6,0.5,True,"SUPPORTING: significantly increased sweating; pain (intense, sensitive, heavy, located 4 on a scale of 10 at the back of the head, nowhere radiating, precisely located 4, appeared 0, not affecting usual activities or bed rest); rash (pink, not peeling, swollen 4 on a scale of 4, 1cm or larger, intense itching 4); loss of appetite; nasal congestion; cough.

ANSWER: B

RATIONALE: The patient is a 72-year-old female presenting with fever, significant increased sweating, severe pain (8/10) in the back of",fq_close,all,0.0
42,22,3690,0.9009,D,A,False,True,557,,,,0.7867977553305536,False,False,0,0.0,False,"Based on the provided patient history and symptoms, the most likely diagnosis is:

A) URTI (Upper Respiratory Tracheitis)

Reasoning:
- Fever: A common symptom of URTI.
- Increased sweating: Can be associated with fever and illness.
- Pain: Characterized as sensitive and heavy in the back of the neck, side of the neck (right), and top of the head, with an intensity of 8. This pain does not radiate or change in precision over time.
- Tiredness: Feeling so tired that usual activities are not possible or being bedridden, which is consistent with a severe",rand1_close,all,0.0
42,23,3602,0.8794,C,C,True,True,9,,,,0.39581603844708296,False,False,0,0.0,False,C) Anemia,fa_close,all,0.0
42,23,3602,0.8794,C,C,True,True,1,,,,0.3564766049385071,False,False,0,0.0,False,C,fa_matched,all,0.003152354258369522
42,23,3602,0.8794,C,C,True,True,602,,,,0.5409711650140139,False,False,0,0.0,False,"C) Anemia

List at least two findings from the patient's description that support your answer:
- The patient constantly feels fatigued and has non-restful sleep, which are common symptoms of anemia.
- The patient has a poor diet, which can contribute to anemia by not providing enough iron, vitamin B12, or folate necessary for red blood cell production.

Anemia is a condition where there are not enough healthy red blood cells to carry adequate oxygen to the body's tissues. It can lead to fatigue, shortness of breath, and other symptoms. The patient's history of a poor diet, chronic kidney failure",fq_close,all,0.0
42,23,3602,0.8794,C,C,True,True,1,,,,0.14134275913238525,False,False,0,0.0,False,C,rand1_close,all,0.0
42,24,3572,0.8721,E,B,False,True,12,,,,0.4364477571361931,False,False,0,0.0,False,B) Pneumonia,fa_close,all,0.0
42,24,3572,0.8721,E,B,False,True,1,,,,1.2032373547554016,False,False,0,0.0,False,B,fa_matched,all,0.0033187464201480774
42,24,3572,0.8721,E,,False,False,535,,,,0.21662425405320906,False,True,10,0.8,False,"SUPPORTING: Yes — Has pain somewhere (burning pain in the nose); Characterize your pain: burning; Do you feel pain somewhere: lower chest, side of the chest(R), pharynx, posterior chest wall(R), posterior chest wall(L); How intense is the pain: 4; Does the pain radiate to another location: nowhere; How precisely is the pain located: 4; How fast did the pain appear: 2; Yes — Experiencing shortness of breath or difficulty breathing in a significant way; Yes — Has a cough that produces colored or more abundant sputum than usual; Yes",fq_close,all,0.0
42,24,3572,0.8721,E,E,True,True,576,,,,0.7290357769062865,False,False,0,0.0,False,"Given the patient's symptoms and history, the most likely diagnosis is:

E) Bronchitis

Reasoning:
- **Chief Complaint:** Nasal congestion and clear runny nose align with upper respiratory symptoms.
- **Symptoms:** Pain (burning), shortness of breath, cough with sputum production, wheezing, and symptoms worsening at night are consistent with bronchial inflammation.
- **History:** Chronic obstructive pulmonary disease (COPD) and smoking history increase the risk of chronic bronchitis. The presence of a cough with sputum, shortness of breath, and wheezing further supports",rand1_close,all,0.0
42,25,3829,0.9348,A,B,False,True,21,,,,0.5275668263707303,False,False,0,0.0,False,B) Pulmonary embolism,fa_close,all,0.0
42,25,3829,0.9348,A,D,False,True,621,,,,0.9850714654659241,False,False,0,0.0,False,"Based on the provided patient history and symptoms, the most likely diagnosis is:

**D) Bronchitis**

Key symptoms supporting this diagnosis include:
- Cough with production of colored or more abundant sputum than usual.
- Presence of fever and chills.
- Lesions with a pink color and no peeling, indicating a non-serious skin condition unrelated to the respiratory issue.
- Pain that increases with deep breathing, which is characteristic of conditions affecting the airways, such as bronchitis.
- Recent history of a cough and the presence of a cough.

The patient's history of asthma and previous pneumonia, as well as",fa_matched,all,0.0032853905651163634
42,25,3829,0.9348,A,D,False,True,559,,,,0.7635197863985468,False,False,0,0.0,False,"Given the patient's description and symptoms, the most likely diagnosis is:

**D) Bronchitis**

**Supporting Findings:**

- **Cough with colored or more abundant sputum:** This is a hallmark symptom of bronchitis, indicating inflammation and irritation of the bronchial tubes.
- **Pain related to cough:** The patient reports pain (intensity 2) when coughing, which could be due to bronchospasm or inflammation in the airways.
- **Fever and chills:** These systemic symptoms suggest an infectious process, consistent with a bacterial or viral bronchitis.
- **",fq_close,all,0.0
42,25,3829,0.9348,A,D,False,True,565,,,,0.876043426938498,False,False,0,0.0,False,"Given the patient's symptoms and history, the most likely diagnosis is:

**D) Bronchitis**

Reasoning:
- **Cough with colored or more abundant sputum**: This is a classic symptom of bronchitis.
- **Pain related to cough**: The patient reports pain in the chest (R), which could be associated with inflammation or irritation of the bronchial tubes.
- **Fever and chills**: These symptoms are indicative of an infection, which bronchitis typically is.
- **Lesions with a pink color and no peeling**: While rashes are mentioned, the description of pink lesions without",rand1_close,all,0.0
42,26,3475,0.8484,B,B,True,True,1,,,,0.8396472632884979,False,False,0,0.0,False,B,fa_close,all,0.0
42,26,3475,0.8484,B,B,True,True,1,,,,0.6801649034023285,False,False,0,0.0,False,B,fa_matched,all,0.0034794559093575526
42,26,3475,0.8484,B,B,True,True,612,,,,0.6409533282660957,False,False,0,0.0,False,"B) Acute COPD exacerbation / infection

List at least two findings from the patient's description that support your answer:
- **Yes** — Is experiencing shortness of breath or difficulty breathing in a significant way: This is a classic symptom of an acute exacerbation of COPD, where the airways become inflamed and narrowed, leading to increased resistance to airflow and difficulty breathing.
- **Yes** — Has a cough: Coughing is a common symptom in COPD, especially during an exacerbation when it often becomes more severe and may be associated with the production of sputum.

Other symptoms like shortness of",fq_close,all,0.0
42,26,3475,0.8484,B,B,True,True,1,,,,0.41022269055247307,False,False,0,0.0,False,B,rand1_close,all,0.0
42,27,3579,0.8738,B,B,True,True,7,,,,0.5202200956856359,False,False,0,0.0,False,B) GERD,fa_close,all,0.0
42,27,3579,0.8738,B,B,True,True,1,,,,1.1037840247154236,False,False,0,0.0,False,B,fa_matched,all,0.003533925982554218
42,27,3579,0.8738,B,B,True,True,578,,,,0.7455452320987295,False,False,0,0.0,False,"B) GERD

Supporting Findings:
- Pain located in the hypochondrium (L) and epigastric regions, with an intensity of 8, which is quite severe.
- Pain radiates to the lower chest, indicating a possible gastrointestinal origin.
- The patient experiences a burning sensation in the stomach that travels up to the throat, associated with a bitter taste in the mouth, which is characteristic of gastroesophageal reflux disease (GERD).
- The patient has a cough, which can be related to the irritation caused by gastric acid refluxing into the esophagus.
- Symptoms worsen after eating,",fq_close,all,0.0
42,27,3579,0.8738,B,B,True,True,1,,,,1.0460349842905998,False,False,0,0.0,False,B,rand1_close,all,0.0
42,28,3689,0.9006,A,B,False,True,14,,,,0.44622881683660254,False,False,0,0.0,False,B) Anaphylaxis,fa_close,all,0.0
42,28,3689,0.9006,A,B,False,True,1,,,,1.3661752939224243,False,False,0,0.0,False,B,fa_matched,all,0.003549936090745471
42,28,3689,0.9006,A,C,False,True,596,,,,0.9817382200549503,False,False,0,0.0,False,"C) Possible NSTEMI / STEMI

**Findings Supporting the Diagnosis:**

- **Shortness of breath and difficulty breathing:** These symptoms are consistent with pulmonary edema, which can be a complication of acute myocardial infarction (heart attack). However, the patient's description of pain and the intensity of the symptoms also align with the possibility of a non-ST elevation myocardial infarction (NSTEMI) or a ST elevation myocardial infarction (STEMI), especially considering the presence of chest pain and the rapid onset of symptoms.

- **Pain:** The patient describes the pain as ""tedious",fq_close,all,0.0
42,28,3689,0.9006,A,A,True,True,556,,,,0.8219979930778436,False,False,0,0.0,False,"Given the patient's symptoms and history, the most likely diagnosis is:

A) Acute pulmonary edema

Reasoning:
- **Shortness of breath and difficulty breathing:** Classic symptoms of pulmonary edema.
- **Pain:** Described as ""tedious"" and ""heavy"" in the lower chest, ankle (R), side of the chest (R), side of the chest (L), and posterior chest wall (L). This pain could be associated with myocardial ischemia or infarction, but the context of shortness of breath and the presence of swelling points more towards a cardiac cause like heart failure, which can",rand1_close,all,0.0
42,29,3582,0.8745,D,E,False,True,19,,,,0.2889963380105958,False,False,0,0.0,False,E) Acute laryngitis,fa_close,all,0.0
42,29,3582,0.8745,D,E,False,True,1,,,,1.3355105221271515,False,False,0,0.0,False,E,fa_matched,all,0.0034694636554906595
42,29,3582,0.8745,D,C,False,True,698,,,,0.6039345723109912,False,False,0,0.0,False,"C) Acute pulmonary edema

List at least two findings from the patient's description that support your answer:
- **Yes — Is experiencing shortness of breath or difficulty breathing in a significant way** directly points towards respiratory distress, which is a hallmark symptom of acute pulmonary edema.
- **Yes — Has a fever (either felt or measured with a thermometer)** indicates an inflammatory response, which can be associated with conditions like acute pulmonary edema, especially when caused by underlying heart failure or infection.

Other considerations:
- **Yes — Has difficulty swallowing, or have a feeling of discomfort/blockage when swallowing** could suggest a mechanical obstruction",fq_close,all,0.0
42,29,3582,0.8745,D,C,False,True,1,,,,1.13429144769907,False,False,0,0.0,False,C,rand1_close,all,0.0
42,30,3495,0.8533,C,C,True,True,17,,,,0.3470479075934106,False,False,0,0.0,False,C) Bronchiectasis,fa_close,all,0.0
42,30,3495,0.8533,C,C,True,True,17,,,,0.43897374161783126,False,False,0,0.0,False,C) Bronchiectasis,fa_matched,all,0.004016619696515057
42,30,3495,0.8533,C,C,True,True,567,,,,0.5853640669351616,False,False,0,0.0,False,"C) Bronchiectasis

Given the patient's history of cystic fibrosis, rheumatoid arthritis, chronic obstructive pulmonary disease (COPD), asthma, and being immunosuppressed, bronchiectasis is a likely diagnosis. Cystic fibrosis is a genetic disorder that can lead to bronchiectasis, a condition where the airways become abnormally widened and are prone to infections and chronic inflammation. Rheumatoid arthritis and COPD can further contribute to lung damage and increase the risk of bronchiectasis. The symptoms of coughing up blood (hemoptysis), shortness of breath,",fq_close,all,0.0
42,30,3495,0.8533,C,C,True,True,1,,,,1.3572691679000854,False,False,0,0.0,False,C,rand1_close,all,0.0
42,31,3675,0.8972,D,B,False,True,26,,,,0.4174904639439774,False,False,0,0.0,False,B) HIV (initial infection),fa_close,all,0.0
42,31,3675,0.8972,D,B,False,True,1,,,,1.2611923068761826,False,False,0,0.0,False,B,fa_matched,all,0.0033925995426917054
42,31,3675,0.8972,D,D,True,True,554,,,,0.6352486771751753,False,True,2,0.5,False,"SUPPORTING: diffuse (widespread) muscle pain; yes, has a fever

List at least two findings from the patient's description that support your answer.
1. The patient reports diffuse (widespread) muscle pain, which is a key symptom that aligns with several of the listed diagnoses, particularly D) Influenza, which often presents with muscle aches.
2. The patient has a fever, which is a supportive finding for several conditions on the list, including D) Influenza, B) HIV (initial infection), and C) Anemia in some contexts where fever might be a secondary",fq_close,all,0.0
42,31,3675,0.8972,D,B,False,True,676,,,,0.9538143249228312,False,False,0,0.0,False,"Based on the provided patient history and symptoms, the most likely diagnosis is:

B) HIV (initial infection)

Reasoning:
- The patient presents with diffuse muscle pain, a common symptom of early HIV infection.
- The patient reports feeling tired and unable to perform usual activities, which could be indicative of the fatigue associated with HIV infection.
- The patient has a fever, another symptom that can be present during the initial stages of HIV infection.
- The patient does not report any lesions, redness, or problems on the skin that are related to the condition being consulted for, which helps rule out conditions like Chagas disease or certain skin infections",rand1_close,all,0.0
42,32,3770,0.9204,A,E,False,True,27,,,,0.4147890699500749,False,False,0,0.0,False,E) Scombroid food poisoning,fa_close,all,0.0
42,32,3770,0.9204,A,E,False,True,1,,,,1.3175225853919983,False,False,0,0.0,False,E,fa_matched,all,0.003393809729061517
42,32,3770,0.9204,A,A,True,True,579,,,,0.8249865085484984,False,False,0,0.0,False,"Given the patient's symptoms and history, the most likely diagnosis is:

**A) HIV (initial infection)**

**Reasoning:**

- **Increased Sweating:** A common symptom during the initial stages of HIV infection.
- **Swollen or Painful Lymph Nodes:** This can be a sign of acute HIV infection, often occurring within the first few weeks.
- **Diarrhea or Increased Stool Frequency:** These gastrointestinal symptoms can be associated with HIV infection.
- **Pain:** The patient describes pain as ""tedious"" and ""sensitive"" with a 6 intensity, located in various areas without radiating,",fq_close,all,0.0
42,32,3770,0.9204,A,A,True,True,1,,,,1.1561867780983448,False,False,0,0.0,False,A,rand1_close,all,0.0
42,33,3662,0.894,D,D,True,True,9,,,,0.543003873876296,False,False,0,0.0,False,D) Anemia,fa_close,all,0.0
42,33,3662,0.894,D,D,True,True,1,,,,0.6196210272610188,False,False,0,0.0,False,D,fa_matched,all,0.003852415185352147
42,33,3662,0.894,D,D,True,True,473,,,,0.34080442454337856,False,False,0,0.0,False,"D

**Supporting Findings:**

- **Yes** — Has pain somewhere, related to the reason for consulting.
- **Sensitive** — Characterize your pain.
- **Exhausting** — How would you describe the nature of your pain.
- **Back of head, top of the head, forehead, temple (R), temple (L)** — Where do you feel the pain?
- **5** — How intense is the pain?
- **Nowhere** — Does the pain radiate to another location?
- **3** — How precisely is the pain located?
- **1** — How fast did the",fq_close,all,0.0
42,33,3662,0.894,D,D,True,True,1,,,,0.28402525931596756,False,False,0,0.0,False,D,rand1_close,all,0.0
42,34,3586,0.8755,D,D,True,True,7,,,,0.45116248055851427,False,False,0,0.0,False,D) GERD,fa_close,all,0.0
42,34,3586,0.8755,D,D,True,True,1,,,,0.6190574467182159,False,False,0,0.0,False,D,fa_matched,all,0.003107997481133324
42,34,3586,0.8755,D,D,True,True,608,,,,0.8216058471160452,False,False,0,0.0,False,"D) GERD

Reasoning:
The patient is a 25-year-old female presenting with pain in the upper chest (epigastric) with a severity of 8 out of 10. The pain is characterized as burning and is exacerbated after eating. She also reports black stools and a cough, which are suggestive of gastrointestinal bleeding and possibly acid reflux. The worsening of symptoms after eating further supports a diagnosis of gastroesophageal reflux disease (GERD).

Additionally, the patient has a history of a hiatal hernia, asthma, and excessive alcohol consumption, as well as smoking, which are significant risk factors for GERD",fq_close,all,0.0
42,34,3586,0.8755,D,D,True,True,1,,,,0.13336756080389023,False,False,0,0.0,False,D,rand1_close,all,0.0
42,35,3509,0.8567,E,E,True,True,43,,,,0.13366202490836562,False,False,0,0.0,False,E) Bronchospasm / acute asthma exacerbation,fa_close,all,0.0
42,35,3509,0.8567,E,E,True,True,1,,,,0.10205955430865288,False,False,0,0.0,False,E,fa_matched,all,0.003536244663312031
42,35,3509,0.8567,E,E,True,True,648,,,,0.6624027058228705,False,False,0,0.0,False,"E) Bronchospasm / acute asthma exacerbation

Given the patient's chief complaint of wheezing when exhaling, along with shortness of breath and a cough, these symptoms are highly suggestive of an acute asthma exacerbation. The patient's history of asthma, previous hospitalization for an asthma attack, chronic sinusitis, and exposure to secondhand smoke further supports this diagnosis. Additionally, the fact that the patient has been diagnosed with asthma and has used bronchodilators in the past is consistent with asthma as the most likely diagnosis.

The other options can be considered but are less likely based on the provided information:
-",fq_close,all,0.0
42,35,3509,0.8567,E,E,True,True,1,,,,0.015351125039160252,False,False,0,0.0,False,E,rand1_close,all,0.0
42,36,3522,0.8599,E,B,False,True,38,,,,0.16287920757272642,False,False,0,0.0,False,B) Acute COPD exacerbation / infection,fa_close,all,0.0
42,36,3522,0.8599,E,B,False,True,1,,,,0.4020358771085739,False,False,0,0.0,False,B,fa_matched,all,0.0036640425733616843
42,36,3522,0.8599,E,B,False,True,598,,,,0.779176102083639,False,False,0,0.0,False,"B

Supporting Findings:
- **Wheezing sound when exhaling:** This is a classic symptom of asthma and COPD, especially during an exacerbation or infection.
- **Chronic obstructive pulmonary disease (COPD) history:** The patient has a pre-existing condition that makes them more susceptible to respiratory infections and exacerbations.
- **Sore throat and cough:** These symptoms are often associated with viral infections, but in the context of COPD, they could also indicate a bacterial infection or exacerbation.
- **Pain:** The patient reports pain with a low intensity (1) and precise location (3",fq_close,all,0.0
42,36,3522,0.8599,E,B,False,True,1,,,,0.25921760126948357,False,False,0,0.0,False,B,rand1_close,all,0.0
42,37,3579,0.8738,A,B,False,True,12,,,,0.44577667929427534,False,False,0,0.0,False,B) Influenza,fa_close,all,0.0
42,37,3579,0.8738,A,E,False,True,1,,,,1.2725650072097778,False,False,0,0.0,False,E,fa_matched,all,0.0035273033715918084
42,37,3579,0.8738,A,C,False,True,585,,,,0.6141081524188206,True,True,10,0.3,True,"SUPPORTING: significantly increased sweating; pain located in forehead, cheek(R), occiput, temple(R); pain intensity of 5; pain duration of 4; cough with colored or abundant sputum; fever; sore throat; diffuse muscle pain; nasal congestion or clear runny nose; exposure to secondhand cigarette smoke.

ANSWER: C) HIV (initial infection)

RATIONALE: The patient's symptoms, including diffuse muscle pain, fever, sore throat, and cough with sputum, along with the history of contact with someone with similar symptoms and exposure to secondhand smoke, could be indicative of an acute HIV",fq_close,all,0.0
42,37,3579,0.8738,A,E,False,True,1,,,,1.1454800330102444,False,False,0,0.0,False,E,rand1_close,all,0.0
42,38,3559,0.8689,D,C,False,True,27,,,,0.2875835835196995,False,False,0,0.0,False,C) Spontaneous pneumothorax,fa_close,all,0.0
42,38,3559,0.8689,D,C,False,True,27,,,,0.3130899286035856,False,False,0,0.0,False,C) Spontaneous pneumothorax,fa_matched,all,0.003359761911715428
42,38,3559,0.8689,D,C,False,True,544,,,,0.7917499767408458,False,False,0,0.0,False,"C) Spontaneous pneumothorax

Findings Supporting the Diagnosis:
- Pain that is increased when breathing in deeply (pleuritic chest pain)
- Shortness of breath
- Presence of a cough
- Pain that is increased with movement (mobilization of the chest wall)
- Pain located precisely in the lower chest and side of the chest (right) with a 7/7 rating for location precision
- Pain that appeared suddenly (7/7 for the speed of pain onset)
- The patient is 22 years old, a demographic at higher risk for spontaneous pneumothorax, especially if there is",fq_close,all,0.0
42,38,3559,0.8689,D,C,False,True,1,,,,1.4052484035491943,False,False,0,0.0,False,C,rand1_close,all,0.0
42,39,3476,0.8486,E,E,True,True,20,,,,0.1392637080215435,False,False,0,0.0,False,E) Myasthenia gravis,fa_close,all,0.0
42,39,3476,0.8486,E,E,True,True,1,,,,0.060383151983842254,False,False,0,0.0,False,E,fa_matched,all,0.004017779980958626
42,39,3476,0.8486,E,E,True,True,627,,,,0.6085035129377161,False,False,0,0.0,False,"E) Myasthenia gravis

Reasoning:
The patient's chief complaint of difficulty articulating words/speaking, difficulty swallowing, shortness of breath, and weakness in both arms and legs, along with the family history of myasthenia gravis, strongly points towards a neuromuscular disorder. Myasthenia gravis is a condition characterized by muscle weakness and fatigue, which worsens with activity and improves with rest. It is an autoimmune disorder where the body's immune system attacks the acetylcholine receptors at the junction between the nerve and muscle, leading to impaired communication between nerves and muscles.

The",fq_close,all,0.0
42,39,3476,0.8486,E,E,True,True,1,,,,0.013366203871555626,False,False,0,0.0,False,E,rand1_close,all,0.0
