arm,depth,probe,ctx_tokens,fill,gold,pred,correct,parsed,response_chars,mean_entropy,has_answer,has_supporting,n_symptoms,grounded_fraction,fully_compliant,response
install,0,0,333,0.0813,B,E,False,True,717,1.0954020611288606,False,True,1,0.0,False,"E) Viral pharyngitis
Supporting: The patient has a cough and has lost their sense of smell, which are common symptoms of viral infections affecting the upper respiratory tract, such for as a common cold or pharyngitis. Additionally, the description of the pain being sharp and localized to a specific location, along with the rapid onset of the pain, is more consistent with the acute presentation of a viral pharyngitis rather than the chronic or recurrent nature of conditions like chronic rhinosinusitis or the recurrent nature of conditions like cluster headaches or the more localized nature of conditions like acute laryngitis or the absence of respiratory symptoms in the context of conditions like bronchitis."
install,0,1,332,0.0811,C,E,False,True,1000,1.1787141030354795,False,True,1,0.0,False,"E) Possible NSTEMI / STEMI
Supporting: The patient's description of chest pain rated as a 7 on a scale of 10, along with the absence of radiation and the rapid onset of the pain, suggests a possible acute coronary syndrome (ACS). Additionally, the presence of chest pain that is exacerbated by physical exertion and relieved by rest is a classic symptom of angina pectoris, which is a symptom of both NSTEMI (non-ST elevation myocardial infarction) and STEMI (ST elevation myocardial infarction). The patient's history of recent viral infection could potentially lead to myocarditis, but the presentation of worsening symptoms with exertion and relief with rest is more consistent with the presentation of angina or a subacute myocardial infarction. The patient's difficulty breathing and the exacerbation of symptoms when lying down and improvement when sitting up are also supportive of a cardiovascular etiology, particularly in the context of the described pain and the history of recent illness."
install,0,2,414,0.1011,A,E,False,True,735,1.487036153627625,False,True,1,0.0,False,"E) Guillain-Barré syndrome

Supporting: The rapid onset of the pain (9 out of 10) and the presence of significant and significant shortness of the breath (significant difficulty breathing) support the diagnosis of Guillain-Barré syndrome. This condition typically presents with the rapid onset of symptoms, including severe pain and potentially leading to respiratory compromise due the potential involvement of the respiratory muscles or the autonomic nervous system, which can affect breathing. Additionally, the patient's history of being a former smoker and the presence of symptoms consistent with peripheral nerve involvement (such as the pattern of pain and potential for respiratory involvement) further support this diagnosis."
install,0,3,282,0.0688,D,E,False,True,897,1.1432056543932059,False,True,1,0.0,False,"E) Pulmonary neoplom
Supporting: The patient's history of cystic fibrosis and chronic obstructive pulmonary disease (COPD) significantly supports the diagnosis of pulmonary neoplasm. Cystic fibrosis is a genetic condition that can lead to the development of various pulmonary complications, including the risk of developing lung cancers. Additionally, COPD, especially when exacerbated or complicated by chronic exposure to carcinogens, increases the risk of developing lung cancers. The presence of a chronic cough with increased sputum production, along with the mention of difficulty breathing, further supports the suspicion of a neoplastic process, as these symptoms can be associated with the presence of a mass or the advanced stages of lung disease. The patient's history of immunosuppression further increases the risk of developing and potentially affecting the management of a neoplasm."
install,0,4,540,0.1318,A,E,False,True,1393,1.524990437918575,False,True,1,0.0,False,"E) Acute pulmonary edema

Supporting: The patient's chief complaint of difficulty breathing and shortness of the breath, along with the presence of a known severe food allergy, strongly supports the diagnosis of acute pulmonary edema. The symptoms of increased stool frequency and the presence of a rash with associated pain and swelling further support this diagnosis. The presence of a known severe food allergy suggests a potential for severe allergic reaction (anaphylaxis), but the absence of the rapid onset of severe, life-threatening symptoms and the detailed description of symptoms like the progression of shortness of breath, the presence of a rash, and the specific localization of pain and swelling are more consistent with acute pulmonary edema, especially considering the high intensity of the described pain and the presence of associated symptoms like lightheadedness and the sensation of impending fainting. The absence of the rapid onset of severe symptoms and the absence of the typical acute presentation of anaphylaxis (such as severe hypotension, severe respiratory distress, and potentially the absence of a detailed description of the progression of symptoms) further supports the diagnosis of acute pulmonary edema over anaphylaxis. The absence of recent travel and the absence of the typical symptoms and findings associated with conditions like pulmonary embolism ("
install,0,5,333,0.0813,D,D,True,True,453,1.0413967671245337,False,True,1,0.0,False,"D) Pericarditis
Supporting: The patient's description of the pain as a ""knife stroke"" and the location of the pain in the lower chest and left breast, along with the exacerbation of pain upon deep breathing, are consistent with the symptoms of pericarditis. These findings support the diagnosis of pericarditis as they are typical for this condition, especially in a young female who has recently had a viral infection and has a history of pericarditis."
install,0,6,499,0.1218,C,E,False,True,1393,1.7327640580667776,False,True,1,0.0,False,"E) Influenza
Supporting: The presence of a fever and feeling tired and unable a to perform usual activities, which are common symptoms of influenza. The patient's description of widespread muscle pain and the presence of a rash on the lips and labia majora, although not directly related to influenza, do not align with the typical presentation of conditions like HIV or Chagas, and the absence of recent travel and use of intravenous drugs makes the context of a sexually transmitted infection or severe substance abuse less likely. The absence of severe itching and the non-specific nature of the rash, along with the absence of symptoms like diarrhea, support the diagnosis of influenza over conditions like scombroid food poisoning, which typically involves severe nausea, vomiting, and severe, acute onset of symptoms typically within 1-2 hours of consuming contaminated fish, along with possible rash and severe, typically localized to the lips and face, without the described widespread muscle pain and the absence of severe itching. The absence of severe localized pain and the absence of symptoms like severe localized rash and the absence of severe, localized pain upon the presentation of the rash also do not align with the presentation of conditions like severe localized infections or severe allergic reactions. The context of recent sexual activity and substance use, along with"
install,0,7,318,0.0776,E,E,True,True,508,1.2092388279056,False,True,1,0.0,False,"E) PSVT
Supporting: The patient's description of the pain as ""like a knife stroke"" and its intensity being rated as 7, along with the presence of palpitations, supports the diagnosis of PSVT (Paroxysmal Supraventricular Tachyc given the sudden onset of severe, sharp pain and the presence of palpitations, which are common in this context. The patient's history of taking stimulant drugs and feeling anxiety further supports the consideration of a potentially stress-induced or substance-related tachycardia."
install,0,8,289,0.0706,C,E,False,True,522,1.1572648024588066,False,True,2,1.0,False,"E) Bronchitis
Supporting: Cough; Shortness of breath
The patient's presentation of a cough and significant shortness of the breath supports the diagnosis of bronchospasm or acute asthma exacerbation, especially considering her history of asthma and the presence of symptoms consistent with an asthma attack. Additionally, the presence of chronic sinusitis and exposure to secondhand cigarette smoke daily further supports the likelihood of an exacerbation of asthma, as these factors can exacerbate respiratory conditions."
install,0,9,373,0.0911,A,B,False,True,459,1.142651657930638,False,False,0,0.0,False,"B: The most likely diagnosis is a B) Cluster headache, supported by the following findings: the patient's description of the pain as ""burning"" and ""sharp,"" and the specific localization of the pain to the temple and the rapid onset of the pain (4 on a 10 scale) are consistent with the typical presentation of a cluster headache. Additionally, the absence of the typical symptoms and symptoms associated with the other options further supports this diagnosis."
install,0,10,313,0.0764,D,E,False,True,161,1.5353605186792265,False,True,2,0.0,False,"E) Cluster headache
Supporting: severe, frequent, and severe pain; absence of nasal congestion or runny nose indicating a non-respiratory cause for the symptoms."
install,0,11,367,0.0896,C,E,False,True,1066,1.3507238850800571,False,True,1,0.0,False,"E) PSVT
Supporting: The patient's description of rapid and irregular heartbeats (palpitations) and the exacerbation of pain with deep breathing align with the symptoms of PSVT (Paroxysmal Supraventricular Tachyc given the context of recent illness and the absence of typical symptoms for other conditions like chest pain associated with ischemia or the sudden onset of severe chest pain and shortness of given the absence of recent travel and absence of typical symptoms for conditions like pulmonary embolism such as sudden onset of severe chest pain and shortness of breath, and the absence of risk factors for conditions like spontaneous pneumothorax such as recent chest trauma or a history of lung disease. Additionally, the absence of recent travel and the absence of a recent history of conditions like pericarditis are supportive of this diagnosis. The patient's recent history of a viral infection and the pattern of symptoms, including the exacerbation of pain with deep breathing, further support the consideration of a tachyarrhythmic event such as PSVT."
install,0,12,399,0.0974,B,E,False,True,609,1.3534817580110865,False,True,1,0.0,False,"E) Pulmonary embolism
Supporting: The patient's presentation of shortness of breath and the presence of a potentially relevant travel history to West Africa, where there is a higher risk of exposure to diseases like malaria and potentially conditions leading to pulmonary emboli, support the diagnosis of pulmonary embolism. Additionally, the presence of a low BMI and a history of chronic kidney failure could potentially contribute to the development of this condition, considering the potential for altered clotting mechanisms and increased risk of clot formation in the context of reduced kidney function."
install,0,13,266,0.0649,C,C,True,True,676,1.1299661317329914,False,True,1,0.0,False,"C) Atrial fibrillation
Supporting: The patient's symptoms of irregular heartbeat and significant shortness of breath are consistent with the irregular and often rapid heartbeat seen in atrial fibrillation, especially considering the history of hyperthyroidism and heart valve issues. Additionally, the presence of diabetes and obesity can contribute to the risk of cardiovascular complications including atrial fibrillation. The absence of recent travel to regions with high rates of certain food poisonings or the absence of acute exposure to known triggers for conditions like acute dystonic reactions supports the selection of a cardiovascular diagnosis over other options."
install,0,14,415,0.1013,E,E,True,True,978,1.2025680433982997,False,True,2,0.5,False,"E) Pulmonary embolism
Supporting: Coughing up blood; pain in the chest (L) 
The presence of coughing up blood (hemoptysis) and localized pain in the left side of the chest strongly support the diagnosis of a pulmonary embolism. These symptoms are indicative of a potentially life-threatening condition where a blood clot emboli leads to the obstruction of one or more pulmonary arteries, leading to reduced blood flow and potentially causing the symptoms described. The detailed description of the pain, including its sharp nature and precise location, alongside the presence of both localized swelling and the history of deep vein thrombosis (DVT) and recent surgery, further supports this diagnosis. The patient's recent inability to move for extended periods and travel within the last  given the context of potential risk factors for thrombosis, including recent surgery and immobility, further supports the likelihood of a thromboembolic event such as a pulmonary embolism."
install,0,15,396,0.0967,A,E,False,True,936,1.4599511614059955,False,True,1,0.0,False,"E) Cluster headache
SUPPORTING: The presence of severe, localized, and recurrent pain in the head, particularly around the ""back of head, top of the head, or forehead"" (c) and the description of the pain as being located at a precise location (d) are supportive of a diagnosis of cluster headache. Additionally, the patient's history of a poor diet (a) and the family history of anemia (b) are not directly related to the symptoms of cluster headaches but do not contradict the diagnosis. The presence of other symptoms like shortness of given the context of the symptoms and the travel history to South Africa, where certain tropical diseases are more prevalent, it's important to consider the possibility of a neurological or vascular condition. However, based on the provided information and the symptoms that directly support the diagnosis of a specific condition, the most likely diagnosis in this scenario is:

E) Cluster headache"
install,0,16,289,0.0706,E,E,True,True,112,0.3264962140995616,False,True,2,0.0,False,"E) Myasthenia gravis
Supporting: weakness increases with fatigue and stress; family history of myasthenia gravis"
install,0,17,361,0.0881,A,E,False,True,1382,1.5948466622845103,False,True,2,1.0,False,"E) Influenza

Supporting: increased sweating; fever

The patient's description of significantly increased sweating and the presence of a fever are supportive of the diagnosis of influenza. These symptoms are commonly associated with influenza, a viral infection that typically leads to the acute onset of high fever and increased sweating, along with other systemic symptoms and potential respiratory symptoms such the presence of a sore throat and cough with potentially colored or increased sputum production.

The patient's detailed description of the pain, including its location, intensity, and the absence of radiating pain, along with the presence of a cough and the production of colored sputum, further supports the diagnosis of a respiratory illness. While the absence of the typical description of severe, sudden onset of high fever and the absence of the description of the classic triad of symptoms (fever, cough, and a sore throat) in the context of influenza might typically lean towards a diagnosis of a common upper respiratory tract infection (such as a common cold or a more severe case of pneumonia or even potentially a severe case of bronchitis), the presence of the described symptoms and the absence of recent travel or exposure to known high-risk environments for other conditions like tuberculosis or severe pneumonia in a non-immunocompromized individual,"
install,0,18,388,0.0947,C,E,False,True,1153,1.1727581092683323,False,True,1,0.0,False,"E) Whooping cough

Supporting: The presence of intense coughing fits supports the diagnosis of whooping cough, as this is a common symptom of this condition. Additionally, the patient's age, being a 12-year-old male, places him in the age group where whooping cough is most commonly seen and can be particularly severe.

The patient's description of the pain localized to the iliac fossa (L) and the presence of a pale, non-itchy, non-swollen rash on the same area further supports the diagnosis of whooping cough, as these symptoms are not typically associated with conditions like bronchitis, scombroid food poisoning, or inguinal hernias. The absence of severe itching and the absence of the patient traveling out of the country in the last  given the context of a possible exposure to a new environment where such conditions might be more prevalent, further supports the diagnosis of whooping cough. 

The absence of the patient's history of premature birth and the absence of any mention of severe or unusual symptoms associated with the described symptoms and findings further supports the selection of whooping cough as the most likely diagnosis."
install,0,19,675,0.1648,D,E,False,True,887,1.2453063168562093,False,True,1,0.0,False,"E) Bronchitis

Supporting: The presence of a cough producing colored or more abundant sputum, along with the description of the pain being located in the chest (right, left, or posterior) and characterized as sharp with a low intensity of 2, supports the diagnosis of bronchitis. Additionally, the presence of a fever and the description of the rash as pink and not associated with significant pain supports the diagnosis of a likely viral or possibly a bacterial bronchitis, considering the context of the patient's other symptoms and history. The absence of significant symptoms like severe chest pain, significant difficulty breathing, and the absence of the described symptoms in more severe conditions like pneumonia or pulmonary embolism further supports this diagnosis. The patient's history of COPD and recent respiratory illnesses also align with the presentation of bronchitis."
install,0,20,327,0.0798,C,E,False,True,589,1.2106469803890845,False,True,1,0.0,False,"E) Possible NSTEMI / STEMI
Supporting: The patient's description of pain as ""painful and sharp"" (S) and the intensity of the pain being rated as 2 (S) suggest a possible cardiac issue, aligning with the consideration of a non-ST elevation myocardial infarction (NSTEMI) or a STEMI. The presence of shortness of given with minimal physical effort (S) and the description of feeling the heart beating fast or irregularly (S) further support the consideration of a cardiac condition, such given the context of the patient's age and the presence of risk factors such as recent viral infection."
install,0,21,307,0.075,D,E,False,True,1330,1.4846698646344123,False,True,1,0.0,False,"E) Possible NSTEMI / STEMI
Supporting: The patient's description of the pain as ""heartbreaking"" and ""violent"" along with the location of the pain in the flank (right, left), the intensity of the pain being 6, and the rapid onset of the pain (7) are indicative of acute conditions that could potentially involve the heart or its related structures, such given the context of the patient's symptoms including nausea and the history of alcohol consumption. The presence of radiation to the scapula (right, left) further supports the possibility of a cardiovascular or potentially a thoracic aortic pathology. The absence of recent international travel and the absence of typical symptoms for conditions like Chagas or the absence of the relevant clinical history for conditions like Boerhaave syndrome further support the cardiovascular consideration. The patient's symptoms and the absence of recent international travel make conditions like Chagas less likely, and the absence of the typical presentation for conditions like Boerhavve or the absence of recent trauma make those less likely as well. The combination of the patient's symptoms and the absence of other potential diagnoses lead to the consideration of a possible non-ST elevation myocardial infarction (NSTEMI) or a potentially unrecognized ST elevation myocardial inf"
install,0,22,481,0.1174,D,E,False,True,1248,1.4843898483308067,False,True,1,0.0,False,"E) Chagas

Supporting: The presence of a fever and the description of a specific location for both the pain and the rash support the diagnosis of Chagas disease. The patient's description of the pain as ""heavy"" and the location as the back of the neck, back of the neck (right), and side of the neck (right) are consistent with the potential for a localized infection or inflammation that could be associated with Chagas disease, which often involves the lymphatic system and can cause swollen lymph nodes in these areas. Additionally, the description of the rash as ""pink"" and the mention of it being located on the back of the neck and side of the neck (right) are consistent with the rash associated with Chagas disease, which typically presents as swollen and red, and can include the characteristic ""xylophagia"" or ""prudente"" rash. The presence of a localized, non-itchy, and non-weeping rash along with the described symptoms and the absence of other conditions mentioned (like the absence of the typical rash in conditions like HIV or the absence of the respiratory symptoms in conditions like bronchitis or influenza) further supports this diagnosis. The patient's recent absence of international travel and the absence of other symptoms or"
install,0,23,393,0.0959,C,E,False,True,942,1.2681245574497169,False,True,1,0.0,False,"E) Possible NSTEMI / STEMI
Supporting: The patient's description of severe, constant, and severe pain (5 out of 10) in the back of the head and top of the head, along with the sudden onset of this pain (5), and the presence of significant and chronic fatigue and difficulty sleeping, which are common symptoms of cardiovascular issues including potential ischemic heart disease, supporting the consideration of a possible non-ST elevation myocardial infarction (NSTEMI) or a STEMI. Additionally, the presence of chest pain and shortness of given the context of the patient's symptoms and risk factors (including a poor diet, a history of anemia, and the use of new oral anticores given the potential for increased risk of bleeding in the context of potential ischemic heart disease) further supports this diagnosis. The patient's underweight status and history of chronic kidney failure also add to the risk profile for cardiovascular issues."
install,0,24,363,0.0886,E,E,True,True,657,1.0976398992771819,False,True,2,0.5,False,"E) Bronchitis
Supporting: cough; presence of sputum
The patient's description of a cough and the production of sputum support the diagnosis of bronchitis. The presence of a cough and the production of sputum are common symptoms of bronchitis, which is an inflammation of the bronchial tubes. The patient's history of COPD further supports this diagnosis as individuals with COPD are at a higher risk for developing bronchitis due to the chronic inflammation and damage to the lung tissue. Additionally, the presence of a cough and the mention of a cough producing sputum are specific to the lower respiratory tract, aligning with the symptoms of bronchitis."
install,0,25,620,0.1514,A,E,False,True,583,1.5795313214221425,False,True,1,0.0,False,"E) Ebola

Supporting: The presence of a cough producing colored or more abundant sputum, along with the presence of a fever and recent travel to North America, supports the diagnosis of Ebola. Additionally, the description of the rash, including its location and characteristics, along with the presence of a significant but non-specific pain and the patient's underweight status, further supports this diagnosis. The patient's history of recent travel, along with the presence of symptoms like fever, and the description of the symptoms align with the typical presentation of Ebola."
install,0,26,266,0.0649,B,D,False,True,234,0.8955106254011383,False,True,7,0.2857142857142857,False,"D) Pneumonia
Supporting: cough; shortness of breath; presence of wheezing; history of COPD; smoking history; occupational exposure to dust and chemicals in construction and mining; no recent travel to high-risk areas for tuberculosis."
install,0,27,370,0.0903,B,E,False,True,806,1.2625908634858027,False,True,1,0.0,False,"E) Pericarditis
Supporting: The presence of a ""burning sensation that starts in the stomach and goes up into the throat"" and the worsening of symptoms after eating are consistent with the symptoms often seen in conditions like pericarditis, which can cause chest pain that is typically described as a sharp, stabbing, or burning sensation, and can be exacerbated by eating or lying down. Additionally, the description of the pain being located in the ""hypochondrium (L)"" and ""lower chest"" and the sudden onset of the associated symptoms are supportive of a pericarditis diagnosis. The patient's history of smoking and excessive alcohol consumption, along with the presence of asthma, further supports the consideration of peric given the potential for underlying conditions that could lead to pericarditis."
install,0,28,480,0.1172,A,E,False,True,890,1.4490689257534521,False,True,1,0.0,False,"E) Pericarditis
Supporting: The presence of chest pain (especially with the description of it being ""heavy"" and located in the lower chest, right ankle, and right side of the chest) and the description of the pain's rapid onset (5) are consistent with the presentation of pericarditis, which typically involves chest pain that is typically located in the left or left chest and often radiates to the back and left arm, though variations can occur. Additionally, the presence of night symptoms such as waking up due for shortness of breath and the description of the pain's intensity (4) and precise location (4) further support the diagnosis of pericarditis. The patient's history of heart failure and recent episodes of fluid in the lungs also align with the potential for pericarditis, especially considering the context of heart-related conditions and the acute presentation of symptoms."
install,0,29,373,0.0911,D,E,False,True,1190,1.4305467262045113,False,True,2,0.5,False,"E) Acute laryngitis
Supporting: difficulty swallowing; hoarse voice
The patient's description of difficulty swallowing and a hoarse voice are indicative of acute laryngitis, which typically involves inflammation of the larynx leading to these symptoms. The presence of a high fever and the description of the pain as ""sharp"" and ""6"" on a scale of 10, although not directly related to the larynx, do not contradict the diagnosis of acute laryngitis, as the context of the chief complaint and the symptoms provided are more supportive of a laryngeal issue. The absence of recent travel to regions where Chagas is endemic and the absence of the typical symptoms and risk factors for acute pulmonary edema and acute on chronic congestive heart failure (such as recent exposure to a trigger like a pneumonia or severe pneumonia) further supports the diagnosis of acute laryngitis. The absence of the abrupt onset of severe respiratory distress and the absence of the classic triad of symptoms for epiglottitis (sudden onset of severe throat pain, difficulty swallowing, and a ""mimicking"" or ""puppy-like"" posture) also support the diagnosis of acute laryngitis over this condition. The absence of"
install,0,30,286,0.0698,C,E,False,True,1324,1.2711217712598852,False,True,2,0.5,False,"E) Bronchitis

Supporting: Cough; Increased sputum production

The patient's description of persistent cough and increased sputum production, along with the history of chronic obstructive pulmonary disease (COPD), supports the diagnosis of bronchitis. The presence of a cough and increased sputum production are classic symptoms of bronchitis, especially in the context of a pre-existing COPD. The patient's history of COPD and the mention of increased sputum production further support this diagnosis. The absence of recent travel and the presence of a chronic condition like COPD also suggest that the current condition is likely a worsening of the pre-existing condition rather than an acute infection or other conditions like pneumonia or bronchiectasis, which might be more commonly associated with recent travel or different symptom patterns. The absence of symptoms like severe shortness of handling and the absence of sputum colors other than red (indicative of blood) or green (indicative of bacterial infection) also support the absence of severe bacterial pneumonia or other severe conditions like pulmonary neoplasm or severe asthma exacerbation. The presence of a history of conditions like cystic fibrosis and rheumatoid arthritis, while significant, does not directly alter the primary consideration of bronch"
install,0,31,466,0.1138,D,E,False,True,1006,1.3586562702126974,False,True,1,0.0,False,"E) URTI
SUPPORTING: The presence of a clear runny nose and nasal congestion, which are common symptoms of a Upper Respiratory Tract Infection (URTI), particularly when associated with a recent history of common cold-like symptoms such a loss of appetite and a slight increase in the body temperature, represented by the reported ""fever."" Additionally, the description of the skin lesion as a ""pink"" rash that does not ""peel off"" and is localized to the ""forehead"" does not align with the severe systemic symptoms typically associated with conditions like Chagas or advanced HIV. The absence of severe systemic symptoms such as severe fatigue that impairs daily activities and the absence of significant weight loss or severe anemia symptoms further supports the diagnosis of a less severe, localized skin condition associated with a common cold or similar viral infection. The patient's recent history of a common cold-like illness, along with the localized skin findings, supports the diagnosis of a URTI."
install,0,32,561,0.137,A,E,False,True,835,1.256846099931077,False,True,1,0.0,False,"E) Scombroid food poisoning

Supporting: The patient's symptoms of increased sweating, diarrhea, and the presence of a ""pale"" rash, especially in the context of recent seafood consumption, are indicative of scombroid food poisoning. The severe pain associated with the rash and the presence of a large (over 1cm) lesion support this diagnosis. Additionally, the rapid onset of symptoms (the patient reports the symptoms started ""1"" day ago) and the absence of other systemic symptoms like severe fatigue or significant weight loss are more consistent with a scombroid reaction rather than conditions like HIV or Chagas, which would typically present with more systemic and chronic symptoms. The absence of fever and severe systemic symptoms further supports the diagnosis of scombroid food poisoning over influenza or other conditions."
install,0,33,453,0.1106,D,D,True,True,617,1.1073238517924213,False,True,1,0.0,False,"D) Anemia
Supporting: The patient's symptoms of fatigue, lightheadedness, and difficulty performing usual activities, along with the presence of black stools and a history of anemia and family history of anemia, strongly support the diagnosis of anemia. The presence of red blood or blood clots in the stool further supports this diagnosis as it could be indicative of a bleeding disorder associated with severe or chronic anemia. The patient's underweight BMI and history of chronic kidney failure also contribute to the likelihood of anemia due to potential issues with red blood cell production or iron deficiency."
install,0,34,377,0.092,D,D,True,True,557,1.225474991619997,False,True,1,0.0,False,"D) GERD
Supporting: The patient's symptoms of pain that worsen after eating and the presence of black stools suggest the presence of gastroesophageal reflux disease (GERD), which is supported by the history of a hiatal hernia and the presence of symptoms that are commonly associated with GERD, such given the context of the patient's diet and lifestyle. Additionally, the patient's excessive alcohol consumption and smoking, along with being overweight, further support the likelihood of GERD as a significant contributing factor to the patient's symptoms."
install,0,35,300,0.0732,E,E,True,True,704,0.9423246712863488,False,True,2,0.5,False,"E) Bronchospasm / acute asthma exacerbation
Supporting: cough; wheezing sound when exhaling
The patient's symptoms of shortness of breath, cough, and the presence of a wheezing sound upon exhalation are classic for an acute exacerbation of asthma. The history of past hospitalization for an asthma attack and the use of a bronchodilator in the past further support this diagnosis. Additionally, the patient's history of chronic sinusitis and exposure to secondhand cigarette smoke are relevant as they can exacerbate asthma. The absence of recent travel and the presence of common allergies further support the likelihood of an acute exacerbation of asthma, as these factors can trigger an asthma attack."
install,0,36,313,0.0764,E,E,True,True,842,1.2108752031336762,False,True,2,1.0,False,"E) Bronchitis
Supporting: cough; wheezing
The patient's history of chronic obstructive pulmonary disease (COPD) and the recent presentation of both a cough and wheezing strongly support a diagnosis of bronchitis. The presence of these symptoms, especially in a patient with a known history of COPD, suggests that the patient's current condition is likely a COPD exacerbation or an acute exacerbation of bronchitis, which would typically present with increased cough and wheezing. The absence of other symptoms or a recent travel history that could suggest other conditions like pneumonia or a more severe condition like acute coronary syndrome (which would typically present with more severe and acute symptoms like severe chest pain and potentially elevated cardiac enzymes) supports the more conservative and likely diagnosis of bronchitis."
install,0,37,370,0.0903,A,E,False,True,755,0.9163106374317129,False,True,2,0.5,False,"E) Bronchitis
Supporting: cough with sputum; fever
The patient's presentation of a cough with the production of sputum and the presence of a fever supports the diagnosis of bronchitis. These symptoms are commonly associated with this condition and are supported by the patient's description of increased sputum production and the presence of a fever. Additionally, the presence of a sore throat and nasal congestion or a clear runny nose further supports the diagnosis of an upper respiratory tract infection, which aligns with the typical presentation of bronchitis. The patient's exposure to secondhand cigarette smoke daily and attendance at a daycare also increase the likelihood of exposure to respiratory pathogens, further supporting the diagnosis."
install,0,38,350,0.0854,D,E,False,True,1068,1.366494141783005,False,True,2,0.5,False,"E) Bronchitis
Supporting: cough; increased pain with deep breathing
The patient's presentation of a cough and the exacerbation of pain with deep breathing are consistent with the inflammation and irritation of the bronchial tubes seen in bronchitis. These symptoms are supportive of the diagnosis of bronchitis, which is a common condition often associated with viral infections and can lead to the symptoms described. The patient's history of excessive alcohol consumption and osteoporosis, while not directly related to the symptoms, could potentially contribute to a weakened immune system and increased susceptibility to infections like bronchitis. The absence of recent travel and the absence of the typical symptoms and findings associated with conditions like pulmonary embolism (such as sudden onset of severe chest pain and shortness of the breath) and the absence of the acute coronary syndrome symptoms (such given the absence of acute chest pain and the absence of ECG changes based on the provided information) further support the diagnosis of bronchitis."
install,0,39,267,0.0652,E,E,True,True,579,0.8474613155142704,False,True,2,1.0,False,"E) Myasthenia gravis
Supporting: difficulty articulating words/speaking; difficulty swallowing
The patient's symptoms of difficulty articulating words/speaking and difficulty swallowing are classic symptoms of myasthenia gravis, a neuromuscular disorder that causes weakness of the voluntary muscles. The family history of a family member with myasthenia gravis further supports this diagnosis. The absence of recent travel and the presence of symptoms affecting both the ability to speak and swallow are consistent with a systemic neuromuscular condition like myasthenia gravis."
install_rand,0,0,333,0.0813,B,D,False,True,236,0.5690591142236892,False,True,2,0.5,False,"D) Acute laryngitis
Supporting: cough; loss of sense of smell
Findings that support this answer: The patient has a cough and has lost their sense of smell, which are common symptoms of upper respiratory infections like acute laryngitis."
install_rand,0,1,332,0.0811,C,B,False,True,140,0.3844391475284889,False,True,2,0.5,False,"B) Stable angina
Supporting: symptoms that are increased with physical exertion but alleviated with rest; history of recent viral infection."
install_rand,0,2,414,0.1011,A,D,False,True,606,0.8439988972325424,False,True,1,0.0,False,"D) GERD

SUPPORTING: The patient describes a sharp, sickening, and scary pain, which is a common symptom of severe GERD. Additionally, the description of the pain being located in the epigastric region and radiating to the biceps (R) and under the jaw supports the diagnosis of GERD, as these symptoms are characteristic of severe gastroesophageal reflux disease. The patient's history of being significantly overweight, having high cholesterol, being a former smoker, and experiencing shortness of transformation supports the presence of a condition like GERD, which is often exacerbated by these factors."
install_rand,0,3,282,0.0688,D,D,True,True,1079,0.814570478374827,False,True,2,0.5,False,"D) Bronchiectasis
Supporting: cough that produces colored or more abundant sputum than usual; history of cystic fibrosis.

Findings that support the diagnosis of bronchiectasis include the patient's history of cystic fibrosis, which is a known risk factor for the development of bronchiectasis, and the symptom of cough with sputum that is more than usual, which is a classic symptom of bronchiectasis. Additionally, the patient's history of chronic obstructive pulmonary disease (COPD) and asthma further supports the possibility of bronchiectasis, as these conditions can lead to the chronic lung damage that characterizes this condition. The fact that the patient is immunocompromoxed due card of rheumatoid arthritis and possibly other conditions like Crohn's disease or ulcerative colitis does not directly support the diagnosis of bronchiectasis but does complicate the picture by adding potential sources of systemic inflammation and immune compromise that could affect lung health. However, the primary symptoms and history provided are more indicative of bronchiectasis."
install_rand,0,4,540,0.1318,A,D,False,True,1263,1.2534401768374437,False,True,2,0.0,False,"D) Bronchospasm / acute asthma exacerbation

Supporting: 
- The patient reports a history of a known severe food allergy, which is a common trigger for anaphylaxis, but the symptoms described (e.g., diarrhea, increased stool frequency, and the specific nature of the pain) are more suggestive of an acute allergic reaction rather than the systemic involvement typically seen in anaphylaxis. 
- The intense pain described (9 out of 10) and its precise location (6 out of 10) in the context of a known allergy and the presence of a rash with a clear relationship to the recent exposure (e.g transformation of an allergic reaction into a skin manifestation) supports the idea of an acute allergic reaction or an acute asthma exacerbation.

Findings:
- The patient reports experiencing an increase in stool frequency and diarrhea, which are common symptoms of an allergic reaction affecting the gastrointestinal tract.
- The description of a ""cramp-like"" pain located in the region of the ""iliac fossa"" (which is not strictly defined as a site of typical pain in an acute pancreatitis or other conditions commonly associated with ""P"" as a potential diagnosis) supports the idea of a localized gastrointestinal reaction rather than systemic conditions like anaphylaxis"
install_rand,0,5,333,0.0813,D,D,True,True,59,1.1898032942792471,False,True,2,0.0,False,"D) Pericarditis
Supporting: chest pain; shortness of buffer"
install_rand,0,6,499,0.1218,C,D,False,True,478,0.9046323704352439,False,True,2,0.0,False,"D) Scombroid food poisoning

SUPPORTING: Has a history of recent seafood consumption; reports intense pain in the affected regions (7) which is a symptom of Scombroid food poisoning.

Findings from the patient's description that support this answer:
1. The patient has a history of recent seafood consumption, which is a common trigger for Scombroid food poisoning.
2. The patient reports intense pain in the affected regions (7), which is a symptom of Scombroid food poisoning."
install_rand,0,7,318,0.0776,E,D,False,True,706,0.8946330883154587,False,True,2,0.5,False,"D) Anemia
SUPPORTING: shortness of breath; lightheadedness
Findings that support this answer: The patient's description of feeling ""slightly dizzy or lightheaded"" and experiencing ""shortness of breath"" are classic symptoms of anemia, particularly when associated with a history of regular use of stimulant drugs, which can deplete the body's stores of iron and lead to anemia. Additionally, the description of ""lightheadedness"" and ""shortness of breath"" are non-specific symptoms that could be associated with several conditions, but in the context of anemia, they are particularly relevant given the potential for decreased oxygen delivery to tissues and the impact of anemia on the cardiovascular system."
install_rand,0,8,289,0.0706,C,C,True,True,465,0.6036119084553017,False,True,2,1.0,False,"C) Bronchospasm / acute asthma exacerbation
Supporting: Cough; Shortness of breath
Findings that support this answer: The patient has a cough and experiences significant shortness of breath, which are classic symptoms of an acute asthma attack. The history of asthma attacks and hospitalization for such attacks, along with a history of chronic sinusitis and exposure to secondhand smoke, further supports the diagnosis of bronchospasm or acute asthma exacerbation."
install_rand,0,9,373,0.0911,A,B,False,True,393,0.724852768623752,False,True,2,0.5,False,"B) Cluster headache
SUPPORTING: Has a cough; has a history of asthma or has used a bronchodilator
Findings that support this answer: The presence of a cough and a history of asthma or the use of a bronchodilator suggest that the patient might be experiencing a condition that affects the respiratory system, which aligns with the possibility of a cluster headache given the described symptoms."
install_rand,0,10,313,0.0764,D,D,True,True,437,0.7608165765716083,False,True,2,1.0,False,"D) URTI
SUPPORTING: nasal congestion; cough
Findings that support this answer: The presence of nasal congestion and a cough supports a diagnosis of URTI (Upper Respiratory Trachea and Bronchial infection) as these symptoms are commonly associated with infections like the common cold or influenza. The patient's exposure to secondhand smoke and living with 4 or more people increases the likelihood of transmission of an infectious URTI."
install_rand,0,11,367,0.0896,C,D,False,True,573,0.8723323135412457,False,True,2,0.5,False,"D) Spontaneous pneumothorax
SUPPORTING: shortness of breath; pain increased with deep breathing
Findings that support this answer: The patient's description of increased pain with deep breathing and shortness of buffer supports the possibility of a pneumothorax, which can lead to these symptoms by physically restricting the expansion of the lung on the affected side. Additionally, the history of a recent viral infection could be a predisposing factor for the development of a pneumothorax, although it is more commonly associated with trauma or underlying lung disease."
install_rand,0,12,399,0.0974,B,D,False,True,421,0.6247590095050347,False,True,2,0.5,False,"D) Myocarditis
SUPPORTING: new onset of chest pain; shortness of breath
List at least two findings from the patient's description that support your answer.
1. The patient reports new onset of chest pain, which is a common symptom of myocarditis.
2. The presence of significant shortness of breath supports the possibility of myocarditis, as it can be a symptom of heart failure, which can be a consequence of myocarditis."
install_rand,0,13,266,0.0649,C,C,True,True,430,0.8559022451418886,False,True,2,0.5,False,"C) Atrial fibrillation
Supporting: Shortness of breath; irregular heartbeat
Findings: The patient's description of significant shortness of CAR (cathex) and irregular heartbeat supports the diagnosis of atrial fibrillation. Additionally, the history of hyperthyroidism and a known issue with a heart valve further supports this diagnosis, as these conditions are well-known risk factors for the development of atrial fibrillation."
install_rand,0,14,415,0.1013,E,D,False,True,395,0.6883722337102026,False,True,2,0.5,False,"D) Acute pulmonary edema

Supporting: coughing up blood; significant shortness of breath

Findings that support this diagnosis:
1. The chief complaint of coughing up blood is a classic symptom of pulmonary issues, including acute pulmonary edema.
2. The presence of significant shortness of breath supports the idea of an acute respiratory distress, which is a hallmark of acute pulmonary edema."
install_rand,0,15,396,0.0967,A,B,False,True,691,1.1894387712071608,False,True,1,0.0,False,"B) Myocarditis
SUPPORTING: pain (cramp) and shortness of buffer
Findings: The presence of pain described as a ""cramp"" and significant shortness of breath support the diagnosis of myocarditis, as these symptoms can be associated with cardiac muscle inflammation and the potential for compromised cardiac output leading to symptoms like chest pain and dyspnea. The history of recent travel to South Africa and a low BMI further supports this diagnosis, as these factors can increase the risk of infectious diseases, including those that may lead to myocarditis, such as infectious diseases like HIV/AIDS or viral infections like COVID-19, which have been observed in regions like South Africa."
install_rand,0,16,289,0.0706,E,E,True,True,112,0.22835833194161145,False,True,2,0.0,False,"E) Myasthenia gravis
SUPPORTING: weakness increases with fatigue and stress; family history of myasthenia gravis"
install_rand,0,17,361,0.0881,A,D,False,True,374,0.8386525068278636,False,True,2,0.5,False,"D) Bronchitis
SUPPORTING: increased sweating; cough with sputum
Findings that support this answer: The patient's chief complaint of increased sweating and the presence of a cough with sputum are both supportive of a diagnosis of bronchitis, which is characterized by respiratory symptoms including cough with sputum production and often associated with fever and discomfort."
install_rand,0,18,388,0.0947,C,,False,False,375,0.8753055338630146,False,True,1,0.0,False,"ANSER: C
SUPPORTING: Pain located in the iliac fossa (L) and a lesion on the same area (L) which is larger than 1cm and characterized as pale, supporting a diagnosis of an inguinal hernia. The presence of a specific and well-localized pain in the region of the potential hernia site and a visible, palpable, and measurable lesion supports the diagnosis of an inguinal hernia."
install_rand,0,19,675,0.1648,D,D,True,True,395,0.4861904100132584,False,True,2,1.0,False,"D) Pneumonia

SUPPORTING: cough that produces colored or more abundant sputum than usual; fever

Findings that support this answer:
1. The patient reports a cough that produces colored or more abundant sputum than usual, which is a classic symptom of pneumonia.
2. The presence of a fever supports the diagnosis of an infectious process like pneumonia, as fever is a common symptom of infection."
install_rand,0,20,327,0.0798,C,D,False,True,315,0.8618827552506187,False,True,2,0.5,False,"D) Atrial fibrillation
Supporting: shortness of breath with minimal effort; palpitations
Findings: The patient reports significant shortness of cart with minimal physical effort, which is a classic symptom of atrial fibrillation, and also experiences palpitations, which are a direct symptom of arrhythmias like AF."
install_rand,0,21,307,0.075,D,D,True,True,651,0.9829848955185667,False,True,1,0.0,False,"D) Boerhaave

Supporting: The patient's chief complaint is related to a ""pain somewhere,"" which is a vague description often associated with esophageal issues like a Boerhaave syndrome, especially when coupled with the intense pain (6 out of 10) and rapid onset (7 out of 7). Additionally, the symptom of feeling nauseous and having attempted to vomit supports the possibility of a severe esophageal disorder like Boerhaafe, which can lead to esophageal rupture and subsequent complications including severe pain and potential for aspiration and aspiration pneumonia, which might explain the ""violent"" and ""heartbreaking"" nature of the pain described."
install_rand,0,22,481,0.1174,D,D,True,True,941,1.2022501225948619,False,True,2,1.0,False,"D) Influenza

SUPPORTING: fever; cough

The patient presents with a fever and a cough, which are classic symptoms of influenza. The supporting findings include the presence of a fever and a clear history of a cough, both of which are commonly associated with influenza. The patient's recent history of feeling tired and the description of a new, localized pain in the back of the neck and side of the neck (R and L) could suggest an infection or an inflammatory process, which influenza can trigger. The description of a new, localized pain and the presence of a rash on the neck could also suggest an infectious or inflammatory process, but the presence of a clear-cut history of fever and cough strongly supports the diagnosis of influenza. The patient's recent lack of travel and no history of similar symptoms in the recent past further supports the diagnosis of influenza as a common, seasonal, and rapidly spreading infectious disease."
install_rand,0,23,393,0.0959,C,D,False,True,1199,1.2048213130411392,False,True,2,0.0,False,"D) Myocarditis

SUPPORTING: pain (5) and shortness of breath (significant); new symptom of black stools (suggestive of bleeding)

The patient's chief complaint of constant fatigue and non-restful sleep, along with new-onset significant shortness of buffer, and the history of a poor diet, which can lead to vitamin and mineral deficiencies, supports the possibility of a cardiovascular issue. The presence of pain and the intensity of 5, along with the new symptom of black stools, suggests a potential bleeding source, which could be related to a cardiac issue like myocarditis. The history of anemia and family history of anemia, along with the patient's underweight status (low BMI), further supports the possibility of a hematological issue, but the combination of symptoms points more towards a cardiac origin, particularly when considering the potential for a new-onset issue like myocarditis, which can present with chest pain, shortness of breath, and fatigue, among other symptoms. The travel to Asia and the use of new oral anticoagulants (NOACs) add complexity, but the primary symptoms and the patient's history suggest a more immediate concern of myocarditis or a related cardiac issue."
install_rand,0,24,363,0.0886,E,D,False,True,331,0.6214660423722538,False,True,2,1.0,False,"D) Bronchitis
SUPPORTING: nasal congestion; cough
Findings that support this diagnosis include the presence of nasal congestion and a cough, which are typical symptoms of bronchitis. The patient's history of smoking and a diagnosis of COPD further supports the diagnosis of bronchitis, as these are risk factors for this condition."
install_rand,0,25,620,0.1514,A,D,False,True,625,0.9074824128492214,False,True,2,0.5,False,"D) Bronchitis

SUPPORTING: cough; production of colored or more abundant sputum than usual

Findings that support this diagnosis include the presence of a cough and the production of sputum that is described as being more abundant and colored than usual, which are classic symptoms of bronchitis. Additionally, the presence of a fever and the description of the pain as sharp and located in the chest (R) supports the idea of an infectious process, which bronchitis typically is. The patient's history of asthma and recent exposure to a potential source of infection (e.g., a viral infection) may also support this diagnosis."
install_rand,0,26,266,0.0649,B,D,False,True,435,0.7284600734035849,False,True,2,1.0,False,"D) Pneumonia
Supporting: cough; shortness of breath
Findings: The patient's history of a cough and significant shortness of breath support a diagnosis of pneumonia, as these symptoms are commonly associated with this condition. Additionally, the presence of a wheezing sound during exhalation further supports the possibility of an infectious process like pneumonia, which can lead to airway obstruction and the production of wheezing."
install_rand,0,27,370,0.0903,B,D,False,True,802,0.779300545057015,False,True,2,1.0,False,"D) Bronchitis
SUPPORTING: cough; cough
The patient presents with a cough, which is a primary symptom of bronchitis. Additionally, the description of a ""burning sensation that starts in your stomach then goes up into your throat, and can be associated with a bitter taste in your mouth"" supports the diagnosis of a respiratory tract infection like bronchitis, as this description is often associated with the symptoms of irritation and inflammation in the airways. The worsening of symptoms after eating and the relief when sitting up are also suggestive of a condition that might be exacerbated by lying down, which could be consistent with bronchial inflammation. The patient's history of smoking further supports the diagnosis of bronchitis, as smoking is a well-known risk factor for this condition."
install_rand,0,28,480,0.1172,A,D,False,True,1189,1.0713987891566603,False,True,2,0.0,False,"D) SLE

SUPPORTING: 
- The patient reports ""pain"" as a symptom, which can be associated with lupus, particularly when it is described as ""heavy"" and ""tedious,"" suggesting a chronic or persistent nature.
- The description of ""radiating pain to the biceps, chin, jaw, scapula, and shoulder"" is not typical of acute conditions like pulmonary edema or anaphylaxis, but it can be seen in systemic conditions like lupus, which can affect multiple regions.

The patient's history of ""has had fluid in lungs,"" ""currently on dialysis,"" ""has high blood pressure,"" ""has had a heart attack,"" and ""has heart failure"" along with the symptoms of shortness of transformation and ""worse when lying down and better when sitting up"" are supportive of a systemic condition like lupus, which can affect multiple systems, including the cardiovascular and respiratory systems. The fact that the symptoms are worse when lying down suggests a possible involvement of the cardiovascular system, which can be seen in conditions like lupus-associated heart failure or cardiac involvement. The history of ""has traveled out of the country in the last 4 weeks"" does not provide a clear lead, but it does not rule out the"
install_rand,0,29,373,0.0911,D,D,True,True,611,0.9624235512335032,False,True,2,1.0,False,"D) Epiglottitis
SUPPORTING: difficulty swallowing; fever
The patient's description of difficulty swallowing and a fever supports the diagnosis of epiglottitis, which is characterized by inflammation of the epiglottis, often leading to difficulty swallowing and a fever. The precise location of the pain (5) and the rapid onset of the pain (7) do not directly support this diagnosis, but the combination of symptoms, including the sudden onset of difficulty swallowing and shortness of transformation of voice, is more suggestive of an upper airway obstruction, which can be seen in conditions like epiglottitis."
install_rand,0,30,286,0.0698,C,D,False,True,327,0.7287278360434432,False,True,2,0.5,False,"D) Pulmonary neoplasm
Supporting: Coughing up blood; significant shortness of breath
Findings: The presence of coughing up blood (a classic symptom of primary lung cancer) and significant shortness of the breath (which could be a symptom of advanced lung disease including cancer) support the diagnosis of a pulmonary neoplasm."
install_rand,0,31,466,0.1138,D,D,True,True,316,0.7482509513010619,False,True,2,0.5,False,"D) Influenza

SUPPORTING: fever; recent travel history of no

Findings that support this answer:
1. The patient has a fever, which is a common symptom of influenza.
2. The recent history of no travel outside the country reduces the likelihood of other infectious diseases like Chagas or travel-associated infections."
install_rand,0,32,561,0.137,A,D,False,True,286,0.6642206888982536,False,True,2,1.0,False,"D) Influenza

SUPPORTING: Increased sweating; fever

Findings that support this answer:
1. The patient has a fever, which is a common symptom of influenza.
2. The patient has reported increased sweating, which can be a symptom of influenza as the body tries to cool down during a fever."
install_rand,0,33,453,0.1106,D,D,True,True,1177,1.08650549941963,False,True,2,0.0,False,"D) Anemia
SUPPORTING: <symptom> ""Has pain""; <symptom> ""sensitive and exhausting"" — The patient's description of the pain as ""painful"" and ""exhausting"" is consistent with the symptoms of severe anemia, which can lead to fatigue and headaches. The description of the pain being located in the ""back of head, top of the head, forehead, temple (R), and temple (L)"" does not suggest a radiating pain, which is not typical of a vascular or cardiac source like Atrial Fibrillation. The symptoms of shortness of transformation and dizziness, along with the description of feeling ""lightheaded and dizzy or like you are about to faint,"" are more suggestive of a hematological issue like anemia, especially when combined with the history of anemia and recent changes in stool color (indicating potential bleeding), and the observation of paleness and blood in stool. The history of anemia and family history of the same, along with the patient's underweight status (low BMI) and recent travel to a region where malaria and other infectious diseases are prevalent, supports the consideration of anemia as a primary diagnosis. The patient's recent travel to South Africa increases the risk"
install_rand,0,34,377,0.092,D,D,True,True,253,0.5456989212992388,False,True,2,0.5,False,"D) GERD
SUPPORTING: Has symptoms that get worse after eating; has a history of GERD.
Findings that support this answer: The patient reports symptoms that worsen after eating, which is a classic symptom of GERD, and they have a history of this condition."
install_rand,0,35,300,0.0732,E,E,True,True,439,0.45367323733492965,False,True,2,1.0,False,"E) Bronchospasm / acute asthma exacerbation
Supporting: cough; wheezing
List at least two findings from the patient's description that support your answer.
1) The patient reports a cough, which is a common symptom of asthma and supports the diagnosis of an acute asthma exacerbation.
2) The presence of wheezing during exhalation is a classic symptom of asthma and strongly supports the diagnosis of bronchospasm or an acute asthma attack."
install_rand,0,36,313,0.0764,E,,False,False,453,0.777968769088875,False,True,1,0.0,False,"B: Yes; wheezing, cough
SUPPORTING: The patient's chief complaint of wheezing during exhalation and the presence of a cough supports the diagnosis of an acute exacerbation or infection of COPD. Additionally, the history of chronic obstructive pulmonary disease (COPD) and the absence of travel outside the country in the last four weeks rule out the possibility of an infection acquired outside the country, which might be less likely in a non-traveler."
install_rand,0,37,370,0.0903,A,D,False,True,283,0.551707573335651,False,True,2,0.5,False,"D) Pneumonia

SUPPORTING: fever; cough with sputum

Findings that support this answer:
1. The presence of a fever, which is a common symptom of pneumonia.
2. The description of a cough that produces colored or more abundant sputum than usual, which is a classic symptom of pneumonia."
install_rand,0,38,350,0.0854,D,D,True,True,577,0.7481148141545149,False,True,2,1.0,False,"D) Spontaneous rib fracture
Supporting: Pain that is increased with movement; pain that is increased when you breathe in deeply
Findings that support this diagnosis: The patient's description of the pain increasing with movement and with deep breathing aligns with the characteristics of a spontaneous rib fracture, which typically causes sharp, stabbing pain that worsens with movement and breathing deeply. The history of osteoporosis as a pre-existing condition also increases the likelihood of a rib fracture, given the reduced bone density and increased risk of fractures."
install_rand,0,39,267,0.0652,E,E,True,True,543,0.4472797671570068,False,True,2,1.0,False,"E) Myasthenia gravis
SUPPORTING: difficulty articulating words/speaking; difficulty swallowing
List at least two findings from the patient's description that support your answer.
1) The patient reports difficulty articulating words/speaking, which is a classic symptom of myasthenia gravis, affecting the ability to move muscles for speech.
2) The patient also reports difficulty swallowing, or a feeling of discomfort/blockage when swallowing, which is another common symptom of myasthenia gravis affecting the muscles involved in swallowing."
erase,42,0,3542,0.8647,B,B,True,True,1,0.7488265223801136,False,False,0,0.0,False,B
erase,42,1,3541,0.8645,C,B,False,True,1,0.5114701502025127,False,False,0,0.0,False,B
erase,42,2,3623,0.8845,A,A,True,True,1,0.9583552181720734,False,False,0,0.0,False,A
erase,42,3,3491,0.8523,D,D,True,True,1,0.11024748533964157,False,False,0,0.0,False,D
erase,42,4,3749,0.9153,A,A,True,True,1,0.03602419886738062,False,False,0,0.0,False,A
erase,42,5,3542,0.8647,D,D,True,True,1,0.027222171425819397,False,False,0,0.0,False,D
erase,42,6,3708,0.9053,C,C,True,True,1,0.3055548779666424,False,False,0,0.0,False,C
erase,42,7,3527,0.8611,E,B,False,True,1,0.9813598245382309,False,False,0,0.0,False,B
erase,42,8,3498,0.854,C,C,True,True,1,0.06742388848215342,False,False,0,0.0,False,C
erase,42,9,3582,0.8745,A,B,False,True,1,0.5575305242091417,False,False,0,0.0,False,B
erase,42,10,3522,0.8599,D,E,False,True,1,0.5943039916455746,False,False,0,0.0,False,E
erase,42,11,3576,0.873,C,C,True,True,1,0.06625309586524963,False,False,0,0.0,False,C
erase,42,12,3608,0.8809,B,E,False,True,1,0.6622451394796371,False,False,0,0.0,False,E
erase,42,13,3475,0.8484,C,C,True,True,1,0.06959329172968864,False,False,0,0.0,False,C
erase,42,14,3624,0.8848,E,E,True,True,1,0.08769815415143967,False,False,0,0.0,False,E
erase,42,15,3605,0.8801,A,A,True,True,1,0.725070521235466,False,False,0,0.0,False,A
erase,42,16,3498,0.854,E,E,True,True,1,0.008786629667156376,False,False,0,0.0,False,E
erase,42,17,3570,0.8716,A,B,False,True,1,1.0142949856817722,False,False,0,0.0,False,B
erase,42,18,3597,0.8782,C,C,True,True,1,0.407956063747406,False,False,0,0.0,False,C
erase,42,20,3536,0.8633,C,C,True,True,1,0.21750855445861816,False,False,0,0.0,False,C
erase,42,21,3516,0.8584,D,E,False,True,1,0.6451547294855118,False,False,0,0.0,False,E
erase,42,22,3690,0.9009,D,A,False,True,1133,0.8743134519006333,False,False,0,0.0,False,"Based on the provided patient history and symptoms, the most likely diagnosis is:

A) URTI (Upper Respiratory Tracheitis)

Reasoning:
- Fever: A common symptom of URTI.
- Increased sweating: Can be associated with fever and illness.
- Pain: Characterized as sensitive and heavy in the back of the neck, side of the neck (right), and top of the head, with an intensity of 8. This pain could be related to muscle tension or other causes associated with URTI.
- Tiredness: Feeling so tired that usual activities are not possible or being stuck in bed all day long can be a symptom of a severe URTI or other systemic illness.
- Rash: Described as pink, without peeling, and not swollen, located on the back of the neck and sides, with pain intensity of 4. This could suggest a viral exanthem, which is common with URTI and other infections.
- Loss of appetite and nasal congestion/runny nose: These symptoms are consistent with URTI and other upper respiratory infections.
- Cough: A common symptom of URTI.
- No recent travel outside the country and no other recent significant health issues.

The patient's symptoms are consistent with"
erase,42,23,3602,0.8794,C,C,True,True,1,0.060970764607191086,False,False,0,0.0,False,C
erase,42,24,3572,0.8721,E,E,True,True,1,0.8430432137101889,False,False,0,0.0,False,E
erase,42,26,3475,0.8484,B,B,True,True,1,0.21801858954131603,False,False,0,0.0,False,B
erase,42,27,3579,0.8738,B,B,True,True,1,0.5052040740847588,False,False,0,0.0,False,B
erase,42,28,3689,0.9006,A,A,True,True,1,1.1346117779612541,False,False,0,0.0,False,A
erase,42,29,3582,0.8745,D,E,False,True,1,0.849184837192297,False,False,0,0.0,False,E
erase,42,30,3495,0.8533,C,B,False,True,1,0.7808582969009876,False,False,0,0.0,False,B
erase,42,31,3675,0.8972,D,B,False,True,1202,0.9811557870398285,False,False,0,0.0,False,"Based on the provided patient information, the most likely diagnosis is:

B) HIV (initial infection)

Reasoning:
- The patient presents with diffuse muscle pain, which can be an early symptom of HIV infection.
- The patient reports feeling tired and unable to perform usual activities, which is consistent with the fatigue often associated with early-stage HIV.
- The patient has a fever, which is another common symptom of HIV infection during the initial stages.
- The patient does not report any lesions or rashes that are typically associated with conditions like Chagas disease or Influenza.
- The patient does not report any recent travel that would suggest exposure to areas with high rates of diseases like HIV.
- The patient does not report symptoms like a rash with peeling or swelling, which are more characteristic of conditions like Chagas disease.
- The patient's symptoms, including muscle pain, fatigue, and fever, along with the loss of appetite and nasal congestion, align more closely with the early stages of HIV infection rather than Influenza, which typically presents with respiratory symptoms and a higher fever.

Therefore, the most likely diagnosis is HIV (initial infection)."
erase,42,32,3770,0.9204,A,A,True,True,1,0.727966170758009,False,False,0,0.0,False,A
erase,42,33,3662,0.894,D,D,True,True,1,0.0686568096280098,False,False,0,0.0,False,D
erase,42,34,3586,0.8755,D,D,True,True,1,0.07390989665873349,False,False,0,0.0,False,D
erase,42,35,3509,0.8567,E,E,True,True,1,0.009797413949854672,False,False,0,0.0,False,E
erase,42,36,3522,0.8599,E,B,False,True,1,0.05570353381335735,False,False,0,0.0,False,B
erase,42,37,3579,0.8738,A,E,False,True,1,0.86656703799963,False,False,0,0.0,False,E
erase,42,38,3559,0.8689,D,C,False,True,1,1.0581101775169373,False,False,0,0.0,False,C
erase,42,39,3476,0.8486,E,E,True,True,1,0.011487130730529316,False,False,0,0.0,False,E
erase_rand,42,0,3542,0.8647,B,B,True,True,1,1.079032376408577,False,False,0,0.0,False,B
erase_rand,42,1,3541,0.8645,C,B,False,True,1,0.7756567932665348,False,False,0,0.0,False,B
erase_rand,42,2,3623,0.8845,A,A,True,True,1243,0.8329378985045466,False,False,0,0.0,False,"Given the patient's symptoms and history, the most likely diagnosis is:

A) Possible NSTEMI / STEMI

Reasoning:
- The patient reports significant pain (rated as 6) and mentions it is related to the reason for consulting, which could indicate a cardiac issue such as a myocardial infarction (heart attack).
- The presence of shortness of breath or difficulty breathing is a critical symptom that could be associated with a heart-related condition.
- The patient has risk factors for cardiovascular disease, including HIV infection, being significantly overweight, having high cholesterol, being a former smoker, and having a family history of early cardiovascular disease.
- The patient's travel history is negative for international travel in the last 4 weeks, which is not a risk factor for the listed conditions.
- The symptoms of pain, shortness of breath, and potential cardiac risk factors align more closely with a diagnosis of a heart-related condition such as Non-ST-Elevation Myocardial Infarction (NSTEMI) or ST-Elevation Myocardial Infarction (STEMI).

The other options do not fit as well with the provided information:
- B) Atrial fibrillation: While atrial fibrillation can cause chest pain and shortness of breath, the patient's"
erase_rand,42,3,3491,0.8523,D,D,True,True,1,0.2610292434692383,False,False,0,0.0,False,D
erase_rand,42,4,3749,0.9153,A,A,True,True,1,0.18066245689988136,False,False,0,0.0,False,A
erase_rand,42,5,3542,0.8647,D,D,True,True,1,0.04443604126572609,False,False,0,0.0,False,D
erase_rand,42,6,3708,0.9053,C,C,True,True,1,0.8466867059469223,False,False,0,0.0,False,C
erase_rand,42,7,3527,0.8611,E,B,False,True,1,1.2697226703166962,False,False,0,0.0,False,B
erase_rand,42,8,3498,0.854,C,C,True,True,1,0.10269328206777573,False,False,0,0.0,False,C
erase_rand,42,9,3582,0.8745,A,B,False,True,1,1.0772737711668015,False,False,0,0.0,False,B
erase_rand,42,10,3522,0.8599,D,E,False,True,1,0.8845137413591146,False,False,0,0.0,False,E
erase_rand,42,11,3576,0.873,C,C,True,True,1,0.22974369302392006,False,False,0,0.0,False,C
erase_rand,42,12,3608,0.8809,B,E,False,True,1,1.0794050246477127,False,False,0,0.0,False,E
erase_rand,42,13,3475,0.8484,C,C,True,True,1,0.12432435527443886,False,False,0,0.0,False,C
erase_rand,42,14,3624,0.8848,E,E,True,True,1,0.47964708134531975,False,False,0,0.0,False,E
erase_rand,42,15,3605,0.8801,A,A,True,True,1,1.136633463203907,False,False,0,0.0,False,A
erase_rand,42,16,3498,0.854,E,E,True,True,1,0.009694843553006649,False,False,0,0.0,False,E
erase_rand,42,17,3570,0.8716,A,B,False,True,1291,0.8061536422601234,False,False,0,0.0,False,"Based on the provided information, the most likely diagnosis for the patient is:

B) Pneumonia

Reasoning:
- Increased sweating is a common symptom of pneumonia.
- The patient reports pain, which is related to their reason for consulting, indicating a possible source of discomfort.
- The pain is described as ""tedious"" and located in the forehead, cheek (right), and temple (right), which could be indicative of an infection or inflammation affecting the upper respiratory tract or sinuses, a common symptom of pneumonia.
- The patient has a cough producing colored or more abundant sputum than usual, a hallmark symptom of pneumonia.
- The patient reports a fever, which is another common symptom of pneumonia.
- The patient also has a sore throat and nasal congestion/runny nose, further supporting the diagnosis of an upper respiratory infection, likely pneumonia.
- The patient has been in contact with someone with similar symptoms in the past 2 weeks, which could indicate a contagious infection like pneumonia.
- The patient lives with 4 or more people, attends or works in a daycare, and smokes cigarettes, all of which increase the risk of contracting pneumonia.
- The patient has not traveled out of the country in the last 4 weeks, which eliminates some other potential diagnoses"
erase_rand,42,18,3597,0.8782,C,C,True,True,1,0.8971950188279152,False,False,0,0.0,False,C
erase_rand,42,20,3536,0.8633,C,C,True,True,1,0.481062151491642,False,False,0,0.0,False,C
erase_rand,42,21,3516,0.8584,D,E,False,True,1,1.1863770484924316,False,False,0,0.0,False,E
erase_rand,42,22,3690,0.9009,D,A,False,True,1147,0.8931841303913375,False,False,0,0.0,False,"Based on the provided patient history and symptoms, the most likely diagnosis is:

A) URTI (Upper Respiratory Tracheitis)

Reasoning:
- Fever: A common symptom of URTI.
- Increased sweating: Can be associated with fever and illness.
- Pain: Characterized as sensitive and heavy in the back of the neck, side of the neck (right), and top of the head, with an intensity of 8. This pain could be related to muscle tension or other causes associated with URTI.
- Tiredness: Feeling so tired that usual activities are not possible or being stuck in bed all day long can be a symptom of a severe URTI or other systemic illness.
- Rash: Described as pink, with no peeling, not swollen, and located on the back of the neck and sides of the neck. The presence of a rash, especially in conjunction with fever and other systemic symptoms, is suggestive of an infectious process, which URTI can cause.
- Lesion size: The lesion is larger than 1 cm, which could be significant depending on the context but is not the primary diagnostic factor here.
- Itching: The severe itching associated with the rash further supports an infectious or allergic cause.
- Loss"
erase_rand,42,23,3602,0.8794,C,C,True,True,1,0.12976936623454094,False,False,0,0.0,False,C
erase_rand,42,24,3572,0.8721,E,E,True,True,1230,0.8797493839006942,False,False,0,0.0,False,"Given the patient's symptoms and history, the most likely diagnosis is:

E) Bronchitis

Reasoning:
- **Chief Complaint:** Nasal congestion and clear runny nose align with upper respiratory symptoms.
- **Pain:** Burning pain in the chest, which could suggest inflammation or irritation of the airways.
- **Breathing Difficulty:** Shortness of breath and difficulty breathing are indicative of respiratory distress, which could be associated with bronchial inflammation typical of bronchitis.
- **Cough:** Production of colored or more abundant sputum than usual and a cough suggest an infectious cause, which bronchitis often entails.
- **Wheezing:** Wheezing upon exhalation further supports a diagnosis of bronchial inflammation.
- **Symptom Intensity and Duration:** The intensity of pain (4) and the rapid onset (2) suggest acute inflammation.
- **Nighttime Symptoms:** Symptoms worsening at night are common in bronchitis due to increased mucus production and airway inflammation during sleep.
- **History of COPD:** The patient's history of COPD increases the risk of developing bronchitis, as COPD patients are more susceptible to respiratory infections.

The presence of a chronic condition like COPD and the acute symptoms"
erase_rand,42,26,3475,0.8484,B,B,True,True,1,0.4366568773984909,False,False,0,0.0,False,B
erase_rand,42,27,3579,0.8738,B,B,True,True,1,0.973519429564476,False,False,0,0.0,False,B
erase_rand,42,28,3689,0.9006,A,A,True,True,1082,0.7209451289426383,False,False,0,0.0,False,"Given the patient's symptoms and history, the most likely diagnosis is:

A) Acute pulmonary edema

Reasoning:
- **Shortness of breath and difficulty breathing:** Classic symptoms of pulmonary edema.
- **Pain:** Described as ""tedious"" and ""heavy"" in the lower chest, ankle (R), side of the chest (R), side of the chest (L), and posterior chest wall (L). This pain could be associated with myocardial ischemia or infarction, but the context of shortness of breath and the presence of swelling points more towards a cardiac cause like heart failure, which can lead to pulmonary edema.
- **Radiating pain:** Pain radiating to the biceps (R), chin, jaw, scapula (R), and shoulder (R) could suggest a cardiac origin, but the primary symptom of shortness of breath is more indicative of pulmonary issues.
- **Swelling:** Swelling in the ankle (R), ankle (L), calf (L), tibia (R), and tibia (L) suggests fluid retention, which is consistent with heart failure.
- **Other symptoms:** New fatigue, generalized and vague discomfort, diffuse muscle aches, and a change in general well-being are"
erase_rand,42,29,3582,0.8745,D,C,False,True,1,1.1514629796147346,False,False,0,0.0,False,C
erase_rand,42,30,3495,0.8533,C,C,True,True,1,1.343407690525055,False,False,0,0.0,False,C
erase_rand,42,31,3675,0.8972,D,B,False,True,1322,1.2115796349937042,False,False,0,0.0,False,"Based on the provided patient history and symptoms, the most likely diagnosis is:

B) HIV (initial infection)

Reasoning:
- The patient presents with diffuse muscle pain, which can be an early symptom of HIV infection.
- The patient reports feeling tired and unable to perform usual activities, which is consistent with the fatigue often associated with early-stage HIV.
- The presence of a rash on the forehead, described as pink and not peeling, could be indicative of a variety of conditions, but the context of other symptoms raises suspicion for an infectious cause, such as HIV-associated lymphadenopathy or other skin manifestations.
- The patient reports a loss of appetite and a clear runny nose, which could be symptoms of an infectious process, including HIV.
- The patient does not have a fever, which might suggest a less acute infection than influenza, which typically presents with fever.
- There is no mention of lesions larger than 1 cm, which would be more suggestive of conditions like syphilis or severe infections, but the description of a pink, non-peeling rash on the forehead is less specific.
- The patient does not report any recent travel or smoking, which are not directly relevant to the diagnosis but are useful for ruling out other conditions.

Given the constellation of symptoms, including"
erase_rand,42,32,3770,0.9204,A,A,True,True,1,1.1633404344320297,False,False,0,0.0,False,A
erase_rand,42,33,3662,0.894,D,D,True,True,1,0.28651581704616547,False,False,0,0.0,False,D
erase_rand,42,34,3586,0.8755,D,D,True,True,1,0.12969211488962173,False,False,0,0.0,False,D
erase_rand,42,35,3509,0.8567,E,E,True,True,1,0.013816946651786566,False,False,0,0.0,False,E
erase_rand,42,36,3522,0.8599,E,B,False,True,1,0.20608210936188698,False,False,0,0.0,False,B
erase_rand,42,37,3579,0.8738,A,E,False,True,1,1.1331422850489616,False,False,0,0.0,False,E
erase_rand,42,38,3559,0.8689,D,C,False,True,1,1.3659587502479553,False,False,0,0.0,False,C
erase_rand,42,39,3476,0.8486,E,E,True,True,1,0.013100052485242486,False,False,0,0.0,False,E
