dataset,probe_variant,condition,layer,strength,signed_strength,raw_vector_norm,steering_vector_norm,baseline_prop_choose_long_term,baseline_prop_choose_immediate,baseline_prop_choose_long_term_no_fallback,baseline_prop_choose_immediate_no_fallback,baseline_mean_long_minus_immediate_avg_logprob,baseline_prop_logprob_prefers_long_term,delta_long_term_vs_baseline,delta_immediate_vs_baseline,delta_long_term_vs_baseline_no_fallback,delta_immediate_vs_baseline_no_fallback,delta_long_minus_immediate_avg_logprob_vs_baseline,delta_prop_logprob_prefers_long_term_vs_baseline,steering_success,steering_success_no_fallback,n_prompts,n_no_fallback_prompts,prop_choose_long_term,prop_choose_immediate,prop_choose_long_term_no_fallback,prop_choose_immediate_no_fallback,fallback_rate,direct_parse_rate,mean_long_minus_immediate_avg_logprob,mean_long_minus_immediate_sum_logprob,prop_logprob_prefers_long_term
explicit_train,baseline,baseline,-1,0.0,0.0,,,0.6825,0.3175,0.6834170854271356,0.3165829145728643,0.27271899377403314,0.7025,0.0,0.0,0.0,0.0,0.0,0.0,,,400,398,0.6825,0.3175,0.6834170854271356,0.3165829145728643,0.005,0.995,0.27271899377403314,0.9383088247664273,0.7025
explicit_test,baseline,baseline,-1,0.0,0.0,,,0.66,0.34,0.6666666666666666,0.3333333333333333,0.24546083193272353,0.67,0.0,0.0,0.0,0.0,0.0,0.0,,,100,99,0.66,0.34,0.6666666666666666,0.3333333333333333,0.01,0.99,0.24546083193272353,0.8414726306125522,0.67
implicit_full,baseline,baseline,-1,0.0,0.0,,,0.6833333333333333,0.31666666666666665,0.6833333333333333,0.31666666666666665,0.18775643569650127,0.69,0.0,0.0,0.0,0.0,0.0,0.0,,,300,300,0.6833333333333333,0.31666666666666665,0.6833333333333333,0.31666666666666665,0.0,1.0,0.18775643569650127,1.2324501897829274,0.69
explicit_train,mm,steer_long_term,16,1.0,1.0,15.38533878326416,1.0,0.6825,0.3175,0.6834170854271356,0.3165829145728643,0.27271899377403314,0.7025,0.0025000000000000577,-0.0025000000000000022,0.001721453615685542,-0.0017214536156854865,0.000582327386946413,0.0024999999999999467,0.685,0.6851385390428212,400,397,0.685,0.315,0.6851385390428212,0.3148614609571788,0.0075,0.9925,0.27330132116097955,0.9408763498568442,0.705
explicit_train,mm,steer_immediate,16,1.0,-1.0,15.38533878326416,1.0,0.6825,0.3175,0.6834170854271356,0.3165829145728643,0.27271899377403314,0.7025,0.0,0.0,0.0,0.0,-0.0007415754842804434,-0.0025000000000000577,0.3175,0.3165829145728643,400,398,0.6825,0.3175,0.6834170854271356,0.3165829145728643,0.005,0.995,0.2719774182897527,0.9352975415065885,0.7
explicit_train,mm,steer_long_term,16,2.0,2.0,15.38533878326416,1.0,0.6825,0.3175,0.6834170854271356,0.3165829145728643,0.27271899377403314,0.7025,0.007499999999999951,-0.007500000000000007,0.006759236991000339,-0.006759236991000339,0.0014191004983149513,0.0024999999999999467,0.69,0.690176322418136,400,397,0.69,0.31,0.690176322418136,0.30982367758186397,0.0075,0.9925,0.2741380942723481,0.9440956779452973,0.705
explicit_train,mm,steer_immediate,16,2.0,-2.0,15.38533878326416,1.0,0.6825,0.3175,0.6834170854271356,0.3165829145728643,0.27271899377403314,0.7025,0.0,0.0,-0.0007974380719718566,0.0007974380719719676,-0.0009349968162132294,-0.0050000000000000044,0.3175,0.31738035264483627,400,397,0.6825,0.3175,0.6826196473551638,0.31738035264483627,0.0075,0.9925,0.2717839969578199,0.934206314877374,0.6975
explicit_train,mm,steer_long_term,16,4.0,4.0,15.38533878326416,1.0,0.6825,0.3175,0.6834170854271356,0.3165829145728643,0.27271899377403314,0.7025,0.0025000000000000577,-0.0025000000000000022,0.001721453615685542,-0.0017214536156854865,0.003143684256938284,0.0024999999999999467,0.685,0.6851385390428212,400,397,0.685,0.315,0.6851385390428212,0.3148614609571788,0.0075,0.9925,0.2758626780309714,0.9510618764848914,0.705
explicit_train,mm,steer_immediate,16,4.0,-4.0,15.38533878326416,1.0,0.6825,0.3175,0.6834170854271356,0.3165829145728643,0.27271899377403314,0.7025,-0.0050000000000000044,0.0050000000000000044,-0.005025125628140614,0.005025125628140725,-0.0018351130350492961,-0.0025000000000000577,0.3225,0.32160804020100503,400,398,0.6775,0.3225,0.678391959798995,0.32160804020100503,0.005,0.995,0.27088388073898384,0.930066454281332,0.7
explicit_train,mm,steer_long_term,16,8.0,8.0,15.38533878326416,1.0,0.6825,0.3175,0.6834170854271356,0.3165829145728643,0.27271899377403314,0.7025,0.0,0.0,0.0009263489162987248,-0.0009263489162986693,0.007223288539680683,0.0,0.6825,0.6843434343434344,400,396,0.6825,0.3175,0.6843434343434344,0.31565656565656564,0.01,0.99,0.2799422823137138,0.9670272590685636,0.7025
explicit_train,mm,steer_immediate,16,8.0,-8.0,15.38533878326416,1.0,0.6825,0.3175,0.6834170854271356,0.3165829145728643,0.27271899377403314,0.7025,0.0025000000000000577,-0.0025000000000000022,0.002512562814070418,-0.002512562814070307,-0.0027575100708054356,0.0,0.315,0.314070351758794,400,398,0.685,0.315,0.6859296482412061,0.314070351758794,0.005,0.995,0.2699614837032277,0.9250204065884463,0.7025
explicit_train,mm,steer_long_term,16,16.0,16.0,15.38533878326416,1.0,0.6825,0.3175,0.6834170854271356,0.3165829145728643,0.27271899377403314,0.7025,0.0050000000000000044,-0.0050000000000000044,0.005190509509573227,-0.005190509509573171,0.021107921353541337,-0.0025000000000000577,0.6875,0.6886075949367089,400,395,0.6875,0.3125,0.6886075949367089,0.31139240506329113,0.0125,0.9875,0.2938269151275745,1.0207447540014982,0.7
explicit_train,mm,steer_immediate,16,16.0,-16.0,15.38533878326416,1.0,0.6825,0.3175,0.6834170854271356,0.3165829145728643,0.27271899377403314,0.7025,-0.0024999999999999467,0.0025000000000000022,-0.002512562814070307,0.0025125628140703626,-0.0002987251692684323,-0.0050000000000000044,0.32,0.31909547738693467,400,398,0.68,0.32,0.6809045226130653,0.31909547738693467,0.005,0.995,0.2724202686047647,0.9311491439316888,0.6975
explicit_train,mm,steer_long_term,20,1.0,1.0,16.290969848632812,0.9999999403953552,0.6825,0.3175,0.6834170854271356,0.3165829145728643,0.27271899377403314,0.7025,0.0050000000000000044,-0.0050000000000000044,0.004240345303342941,-0.004240345303342885,0.0012684133852599588,0.0,0.6875,0.6876574307304786,400,397,0.6875,0.3125,0.6876574307304786,0.3123425692695214,0.0075,0.9925,0.2739874071592931,0.9440657093573828,0.7025
explicit_train,mm,steer_immediate,20,1.0,-1.0,16.290969848632812,0.9999999403953552,0.6825,0.3175,0.6834170854271356,0.3165829145728643,0.27271899377403314,0.7025,0.0,0.0,0.0,0.0,-0.0015977227286202433,-0.0025000000000000577,0.3175,0.3165829145728643,400,398,0.6825,0.3175,0.6834170854271356,0.3165829145728643,0.005,0.995,0.2711212710454129,0.9312141541705933,0.7
explicit_train,mm,steer_long_term,20,2.0,2.0,16.290969848632812,0.9999999403953552,0.6825,0.3175,0.6834170854271356,0.3165829145728643,0.27271899377403314,0.7025,0.007499999999999951,-0.007500000000000007,0.006759236991000339,-0.006759236991000339,0.0027889507065992913,0.0,0.69,0.690176322418136,400,397,0.69,0.31,0.690176322418136,0.30982367758186397,0.0075,0.9925,0.2755079444806324,0.950950401093578,0.7025
explicit_train,mm,steer_immediate,20,2.0,-2.0,16.290969848632812,0.9999999403953552,0.6825,0.3175,0.6834170854271356,0.3165829145728643,0.27271899377403314,0.7025,0.0,0.0,0.0,0.0,-0.0026753430400276446,-0.0050000000000000044,0.3175,0.3165829145728643,400,398,0.6825,0.3175,0.6834170854271356,0.3165829145728643,0.005,0.995,0.2700436507340055,0.9260309267789125,0.6975
explicit_train,mm,steer_long_term,20,4.0,4.0,16.290969848632812,0.9999999403953552,0.6825,0.3175,0.6834170854271356,0.3165829145728643,0.27271899377403314,0.7025,0.010000000000000009,-0.010000000000000009,0.009278128678657849,-0.009278128678657738,0.006088528977707064,0.0,0.6925,0.6926952141057935,400,397,0.6925,0.3075,0.6926952141057935,0.30730478589420657,0.0075,0.9925,0.2788075227517402,0.9654200792661868,0.7025
explicit_train,mm,steer_immediate,20,4.0,-4.0,16.290969848632812,0.9999999403953552,0.6825,0.3175,0.6834170854271356,0.3165829145728643,0.27271899377403314,0.7025,-0.0050000000000000044,0.0050000000000000044,-0.005025125628140614,0.005025125628140725,-0.005215167890419259,-0.0025000000000000577,0.3225,0.32160804020100503,400,398,0.6775,0.3225,0.678391959798995,0.32160804020100503,0.005,0.995,0.2675038258836139,0.9141800091299228,0.7
explicit_train,mm,steer_long_term,20,8.0,8.0,16.290969848632812,0.9999999403953552,0.6825,0.3175,0.6834170854271356,0.3165829145728643,0.27271899377403314,0.7025,0.015000000000000013,-0.015000000000000013,0.014315912053972646,-0.01431591205397259,0.01418033696420029,0.0,0.6975,0.6977329974811083,400,397,0.6975,0.3025,0.6977329974811083,0.3022670025188917,0.0075,0.9925,0.2868993307382334,0.9997267593676225,0.7025
explicit_train,mm,steer_immediate,20,8.0,-8.0,16.290969848632812,0.9999999403953552,0.6825,0.3175,0.6834170854271356,0.3165829145728643,0.27271899377403314,0.7025,-0.007499999999999951,0.007500000000000007,-0.007537688442211032,0.007537688442211088,-0.009331884897546827,-0.010000000000000009,0.325,0.3241206030150754,400,398,0.675,0.325,0.6758793969849246,0.3241206030150754,0.005,0.995,0.2633871088764863,0.8944598390394822,0.6925
explicit_train,mm,steer_long_term,20,16.0,16.0,16.290969848632812,0.9999999403953552,0.6825,0.3175,0.6834170854271356,0.3165829145728643,0.27271899377403314,0.7025,0.030000000000000027,-0.030000000000000027,0.031229379219329,-0.031229379219328945,0.03564962672709954,0.015000000000000013,0.7125,0.7146464646464646,400,396,0.7125,0.2875,0.7146464646464646,0.28535353535353536,0.01,0.99,0.3083686205011327,1.0883321439987048,0.7175
explicit_train,mm,steer_immediate,20,16.0,-16.0,16.290969848632812,0.9999999403953552,0.6825,0.3175,0.6834170854271356,0.3165829145728643,0.27271899377403314,0.7025,-0.02749999999999997,0.02749999999999997,-0.027638190954773822,0.027638190954773878,-0.016229370306828028,-0.022499999999999964,0.345,0.3442211055276382,400,398,0.655,0.345,0.6557788944723618,0.3442211055276382,0.005,0.995,0.2564896234672051,0.8589573748176917,0.68
explicit_train,mm,steer_long_term,24,1.0,1.0,18.09175682067871,0.9999999403953552,0.6825,0.3175,0.6834170854271356,0.3165829145728643,0.27271899377403314,0.7025,0.007499999999999951,-0.007500000000000007,0.006759236991000339,-0.006759236991000339,0.008739711059024546,0.0050000000000000044,0.69,0.690176322418136,400,397,0.69,0.31,0.690176322418136,0.30982367758186397,0.0075,0.9925,0.2814587048330577,0.9737690448272042,0.7075
explicit_train,mm,steer_immediate,24,1.0,-1.0,18.09175682067871,0.9999999403953552,0.6825,0.3175,0.6834170854271356,0.3165829145728643,0.27271899377403314,0.7025,-0.0024999999999999467,0.0025000000000000022,-0.002512562814070307,0.0025125628140703626,-0.009046336782048414,-0.0050000000000000044,0.32,0.31909547738693467,400,398,0.68,0.32,0.6809045226130653,0.31909547738693467,0.005,0.995,0.2636726569919847,0.9018213737220503,0.6975
explicit_train,mm,steer_long_term,24,2.0,2.0,18.09175682067871,0.9999999403953552,0.6825,0.3175,0.6834170854271356,0.3165829145728643,0.27271899377403314,0.7025,0.01749999999999996,-0.017500000000000016,0.01860311659306635,-0.01860311659306635,0.017385172528447623,0.007499999999999951,0.7,0.702020202020202,400,396,0.7,0.3,0.702020202020202,0.29797979797979796,0.01,0.99,0.29010416630248076,1.0085602737928274,0.71
explicit_train,mm,steer_immediate,24,2.0,-2.0,18.09175682067871,0.9999999403953552,0.6825,0.3175,0.6834170854271356,0.3165829145728643,0.27271899377403314,0.7025,-0.007499999999999951,0.007500000000000007,-0.007537688442211032,0.007537688442211088,-0.0178631986369146,-0.010000000000000009,0.325,0.3241206030150754,400,398,0.675,0.325,0.6758793969849246,0.3241206030150754,0.005,0.995,0.25485579513711853,0.8658514538616874,0.6925
explicit_train,mm,steer_long_term,24,4.0,4.0,18.09175682067871,0.9999999403953552,0.6825,0.3175,0.6834170854271356,0.3165829145728643,0.27271899377403314,0.7025,0.022499999999999964,-0.02250000000000002,0.023653621643571432,-0.023653621643571376,0.03459515955008102,0.012499999999999956,0.705,0.7070707070707071,400,396,0.705,0.295,0.7070707070707071,0.29292929292929293,0.01,0.99,0.30731415332411416,1.077490299999481,0.715
explicit_train,mm,steer_immediate,24,4.0,-4.0,18.09175682067871,0.9999999403953552,0.6825,0.3175,0.6834170854271356,0.3165829145728643,0.27271899377403314,0.7025,-0.020000000000000018,0.020000000000000018,-0.02010050251256279,0.020100502512562846,-0.036377041753730716,-0.022499999999999964,0.3375,0.33668341708542715,400,398,0.6625,0.3375,0.6633165829145728,0.33668341708542715,0.005,0.995,0.23634195202030242,0.7904378337273374,0.68
explicit_train,mm,steer_long_term,24,8.0,8.0,18.09175682067871,0.9999999403953552,0.6825,0.3175,0.6834170854271356,0.3165829145728643,0.27271899377403314,0.7025,0.04500000000000004,-0.044999999999999984,0.04454261230586187,-0.04454261230586176,0.06789802804414652,0.03500000000000003,0.7275,0.7279596977329975,400,397,0.7275,0.2725,0.7279596977329975,0.27204030226700254,0.0075,0.9925,0.34061702181817965,1.2098476720205509,0.7375
explicit_train,mm,steer_immediate,24,8.0,-8.0,18.09175682067871,0.9999999403953552,0.6825,0.3175,0.6834170854271356,0.3165829145728643,0.27271899377403314,0.7025,-0.06999999999999995,0.07,-0.07035175879396982,0.07035175879396988,-0.07539282422047106,-0.0625,0.3875,0.3869346733668342,400,398,0.6125,0.3875,0.6130653266331658,0.3869346733668342,0.005,0.995,0.19732616955356208,0.6301368699409068,0.64
explicit_train,mm,steer_long_term,24,16.0,16.0,18.09175682067871,0.9999999403953552,0.6825,0.3175,0.6834170854271356,0.3165829145728643,0.27271899377403314,0.7025,0.06999999999999995,-0.07,0.06973152918243619,-0.06973152918243608,0.13153281839040576,0.06499999999999995,0.7525,0.7531486146095718,400,397,0.7525,0.2475,0.7531486146095718,0.24685138539042822,0.0075,0.9925,0.4042518121644389,1.4588270150427707,0.7675
explicit_train,mm,steer_immediate,24,16.0,-16.0,18.09175682067871,0.9999999403953552,0.6825,0.3175,0.6834170854271356,0.3165829145728643,0.27271899377403314,0.7025,-0.13,0.13,-0.1331658291457286,0.13316582914572866,-0.1604066967294784,-0.125,0.4475,0.44974874371859297,400,398,0.5525,0.4475,0.550251256281407,0.44974874371859297,0.005,0.995,0.11231229704455473,0.2742104826681316,0.5775
explicit_train,mm,steer_long_term,28,1.0,1.0,23.30733871459961,1.0,0.6825,0.3175,0.6834170854271356,0.3165829145728643,0.27271899377403314,0.7025,0.015000000000000013,-0.015000000000000013,0.014315912053972646,-0.01431591205397259,0.017152629839256417,0.007499999999999951,0.6975,0.6977329974811083,400,397,0.6975,0.3025,0.6977329974811083,0.3022670025188917,0.0075,0.9925,0.28987162361328955,1.0062197106541135,0.71
explicit_train,mm,steer_immediate,28,1.0,-1.0,23.30733871459961,1.0,0.6825,0.3175,0.6834170854271356,0.3165829145728643,0.27271899377403314,0.7025,-0.007499999999999951,0.007500000000000007,-0.008354113134944163,0.008354113134944274,-0.017286884370842026,-0.010000000000000009,0.325,0.3249370277078086,400,397,0.675,0.325,0.6750629722921915,0.3249370277078086,0.0075,0.9925,0.2554321094031911,0.8697014889703132,0.6925
explicit_train,mm,steer_long_term,28,2.0,2.0,23.30733871459961,1.0,0.6825,0.3175,0.6834170854271356,0.3165829145728643,0.27271899377403314,0.7025,0.025000000000000022,-0.025000000000000022,0.02691037049225986,-0.02691037049225975,0.03407954651454931,0.01749999999999996,0.7075,0.7103274559193955,400,397,0.7075,0.2925,0.7103274559193955,0.28967254408060455,0.0075,0.9925,0.30679854028858244,1.073426191380713,0.72
explicit_train,mm,steer_immediate,28,2.0,-2.0,23.30733871459961,1.0,0.6825,0.3175,0.6834170854271356,0.3165829145728643,0.27271899377403314,0.7025,-0.020000000000000018,0.020000000000000018,-0.020948571573231378,0.020948571573231434,-0.034766201333841285,-0.022499999999999964,0.3375,0.33753148614609574,400,397,0.6625,0.3375,0.6624685138539043,0.33753148614609574,0.0075,0.9925,0.23795279244019185,0.8001473571080715,0.68
explicit_train,mm,steer_long_term,28,4.0,4.0,23.30733871459961,1.0,0.6825,0.3175,0.6834170854271356,0.3165829145728643,0.27271899377403314,0.7025,0.03749999999999998,-0.03749999999999998,0.039504828930546965,-0.03950482893054691,0.06830334433063401,0.03249999999999997,0.72,0.7229219143576826,400,397,0.72,0.28,0.7229219143576826,0.2770780856423174,0.0075,0.9925,0.34102233810466714,1.2080993820284494,0.735
explicit_train,mm,steer_immediate,28,4.0,-4.0,23.30733871459961,1.0,0.6825,0.3175,0.6834170854271356,0.3165829145728643,0.27271899377403314,0.7025,-0.05249999999999999,0.05249999999999999,-0.053694163512778004,0.053694163512778004,-0.06960072574031073,-0.04500000000000004,0.37,0.3702770780856423,400,397,0.63,0.37,0.6297229219143576,0.3702770780856423,0.0075,0.9925,0.2031182680337224,0.6606012220215053,0.6575
explicit_train,mm,steer_long_term,28,8.0,8.0,23.30733871459961,1.0,0.6825,0.3175,0.6834170854271356,0.3165829145728643,0.27271899377403314,0.7025,0.07750000000000001,-0.07750000000000001,0.07728820424540839,-0.07728820424540839,0.1357144791586325,0.07499999999999996,0.76,0.760705289672544,400,397,0.76,0.24,0.760705289672544,0.23929471032745592,0.0075,0.9925,0.40843347293266563,1.4720391946600284,0.7775
explicit_train,mm,steer_immediate,28,8.0,-8.0,23.30733871459961,1.0,0.6825,0.3175,0.6834170854271356,0.3165829145728643,0.27271899377403314,0.7025,-0.13249999999999995,0.1325,-0.1345449049760078,0.13454490497600785,-0.14265973286470396,-0.11750000000000005,0.45,0.45112781954887216,400,399,0.55,0.45,0.5488721804511278,0.45112781954887216,0.0025,0.9975,0.13005926090932918,0.3665199082181789,0.585
explicit_train,mm,steer_long_term,28,16.0,16.0,23.30733871459961,1.0,0.6825,0.3175,0.6834170854271356,0.3165829145728643,0.27271899377403314,0.7025,0.15249999999999997,-0.1525,0.15285495487513134,-0.15285495487513132,0.2665249997656793,0.13249999999999995,0.835,0.836272040302267,400,397,0.835,0.165,0.836272040302267,0.163727959697733,0.0075,0.9925,0.5392439935397124,1.9776222976110875,0.835
explicit_train,mm,steer_immediate,28,16.0,-16.0,23.30733871459961,1.0,0.6825,0.3175,0.6834170854271356,0.3165829145728643,0.27271899377403314,0.7025,-0.255,0.255,-0.2573519225198675,0.25735192251986755,-0.29678543249785433,-0.235,0.5725,0.5739348370927319,400,399,0.4275,0.5725,0.42606516290726815,0.5739348370927319,0.0025,0.9975,-0.024066438723821193,-0.26186497875722126,0.4675
explicit_train,mm,steer_long_term,32,1.0,1.0,30.687641143798828,1.0,0.6825,0.3175,0.6834170854271356,0.3165829145728643,0.27271899377403314,0.7025,0.0050000000000000044,-0.0050000000000000044,0.004240345303342941,-0.004240345303342885,0.007396439917501996,0.0024999999999999467,0.6875,0.6876574307304786,400,397,0.6875,0.3125,0.6876574307304786,0.3123425692695214,0.0075,0.9925,0.28011543369153513,0.9675162547407672,0.705
explicit_train,mm,steer_immediate,32,1.0,-1.0,30.687641143798828,1.0,0.6825,0.3175,0.6834170854271356,0.3165829145728643,0.27271899377403314,0.7025,0.0,0.0,-0.0007974380719718566,0.0007974380719719676,-0.00748605408298314,-0.0025000000000000577,0.3175,0.31738035264483627,400,397,0.6825,0.3175,0.6826196473551638,0.31738035264483627,0.0075,0.9925,0.26523293969105,0.9087587005028035,0.7
explicit_train,mm,steer_long_term,32,2.0,2.0,30.687641143798828,1.0,0.6825,0.3175,0.6834170854271356,0.3165829145728643,0.27271899377403314,0.7025,0.012499999999999956,-0.012500000000000011,0.011797020366315247,-0.011797020366315192,0.015159170416300216,0.010000000000000009,0.695,0.6952141057934509,400,397,0.695,0.305,0.6952141057934509,0.3047858942065491,0.0075,0.9925,0.28787816419033335,0.9977517164708115,0.7125
explicit_train,mm,steer_immediate,32,2.0,-2.0,30.687641143798828,1.0,0.6825,0.3175,0.6834170854271356,0.3165829145728643,0.27271899377403314,0.7025,-0.0024999999999999467,0.0025000000000000022,-0.003316329759629366,0.0033163297596294217,-0.015314381776261154,-0.010000000000000009,0.32,0.3198992443324937,400,397,0.68,0.32,0.6801007556675063,0.3198992443324937,0.0075,0.9925,0.257404611997772,0.8781027187546715,0.6925
explicit_train,mm,steer_long_term,32,4.0,4.0,30.687641143798828,1.0,0.6825,0.3175,0.6834170854271356,0.3165829145728643,0.27271899377403314,0.7025,0.022499999999999964,-0.02250000000000002,0.021872587116944953,-0.021872587116944897,0.03007111501588955,0.010000000000000009,0.705,0.7052896725440806,400,397,0.705,0.295,0.7052896725440806,0.2947103274559194,0.0075,0.9925,0.3027901087899227,1.0563476376049221,0.7125
explicit_train,mm,steer_immediate,32,4.0,-4.0,30.687641143798828,1.0,0.6825,0.3175,0.6834170854271356,0.3165829145728643,0.27271899377403314,0.7025,-0.015000000000000013,0.015000000000000013,-0.015075376884422065,0.01507537688442212,-0.030186787887359956,-0.01749999999999996,0.3325,0.3316582914572864,400,398,0.6675,0.3325,0.6683417085427136,0.3316582914572864,0.005,0.995,0.24253220588667318,0.8191465339576826,0.685
explicit_train,mm,steer_long_term,32,8.0,8.0,30.687641143798828,1.0,0.6825,0.3175,0.6834170854271356,0.3165829145728643,0.27271899377403314,0.7025,0.03500000000000003,-0.03500000000000003,0.036279884269834084,-0.03627988426983403,0.059914748247829275,0.02749999999999997,0.7175,0.7196969696969697,400,396,0.7175,0.2825,0.7196969696969697,0.2803030303030303,0.01,0.99,0.3326337420218624,1.1726580590265803,0.73
explicit_train,mm,steer_immediate,32,8.0,-8.0,30.687641143798828,1.0,0.6825,0.3175,0.6834170854271356,0.3165829145728643,0.27271899377403314,0.7025,-0.03749999999999998,0.03749999999999998,-0.03768844221105527,0.03768844221105527,-0.06074367749912196,-0.03500000000000003,0.355,0.3542713567839196,400,398,0.645,0.355,0.6457286432160804,0.3542713567839196,0.005,0.995,0.21197531627491117,0.6978989365277812,0.6675
explicit_train,mm,steer_long_term,32,16.0,16.0,30.687641143798828,1.0,0.6825,0.3175,0.6834170854271356,0.3165829145728643,0.27271899377403314,0.7025,0.07250000000000001,-0.07250000000000001,0.07286432160804024,-0.07286432160804018,0.11754145359445828,0.07499999999999996,0.755,0.7562814070351759,400,398,0.755,0.245,0.7562814070351759,0.24371859296482412,0.005,0.995,0.3902604473684914,1.394759695752291,0.7775
explicit_train,mm,steer_immediate,32,16.0,-16.0,30.687641143798828,1.0,0.6825,0.3175,0.6834170854271356,0.3165829145728643,0.27271899377403314,0.7025,-0.11750000000000005,0.1175,-0.11809045226130654,0.11809045226130654,-0.12029283560521434,-0.09999999999999998,0.435,0.43467336683417085,400,398,0.565,0.435,0.5653266331658291,0.43467336683417085,0.005,0.995,0.1524261581688188,0.45936602601082993,0.6025
explicit_test,mm,steer_long_term,16,1.0,1.0,15.38533878326416,1.0,0.66,0.34,0.6666666666666666,0.3333333333333333,0.24546083193272353,0.67,0.0,0.0,0.0,0.0,0.00041251262649893983,0.0,0.66,0.6666666666666666,100,99,0.66,0.34,0.6666666666666666,0.3333333333333333,0.01,0.99,0.24587334455922247,0.8432553250342607,0.67
explicit_test,mm,steer_immediate,16,1.0,-1.0,15.38533878326416,1.0,0.66,0.34,0.6666666666666666,0.3333333333333333,0.24546083193272353,0.67,0.0,0.0,0.0,0.0,-0.00026090315543114695,0.0,0.34,0.3333333333333333,100,99,0.66,0.34,0.6666666666666666,0.3333333333333333,0.01,0.99,0.24519992877729238,0.8405264955759049,0.67
explicit_test,mm,steer_long_term,16,2.0,2.0,15.38533878326416,1.0,0.66,0.34,0.6666666666666666,0.3333333333333333,0.24546083193272353,0.67,0.0,0.0,0.0,0.0,0.000582103785127408,0.0,0.66,0.6666666666666666,100,99,0.66,0.34,0.6666666666666666,0.3333333333333333,0.01,0.99,0.24604293571785094,0.8440785090997815,0.67
explicit_test,mm,steer_immediate,16,2.0,-2.0,15.38533878326416,1.0,0.66,0.34,0.6666666666666666,0.3333333333333333,0.24546083193272353,0.67,0.0,0.0,0.0,0.0,-0.0003772109653800704,0.0,0.34,0.3333333333333333,100,99,0.66,0.34,0.6666666666666666,0.3333333333333333,0.01,0.99,0.24508362096734346,0.8399534333869815,0.67
explicit_test,mm,steer_long_term,16,4.0,4.0,15.38533878326416,1.0,0.66,0.34,0.6666666666666666,0.3333333333333333,0.24546083193272353,0.67,0.0,0.0,0.0,0.0,0.001871291724964974,0.0,0.66,0.6666666666666666,100,99,0.66,0.34,0.6666666666666666,0.3333333333333333,0.01,0.99,0.2473321236576885,0.8492501322366297,0.67
explicit_test,mm,steer_immediate,16,4.0,-4.0,15.38533878326416,1.0,0.66,0.34,0.6666666666666666,0.3333333333333333,0.24546083193272353,0.67,0.0,0.0,0.0,0.0,-0.0007728169672191199,0.0,0.34,0.3333333333333333,100,99,0.66,0.34,0.6666666666666666,0.3333333333333333,0.01,0.99,0.2446880149655044,0.8378256541490555,0.67
explicit_test,mm,steer_long_term,16,8.0,8.0,15.38533878326416,1.0,0.66,0.34,0.6666666666666666,0.3333333333333333,0.24546083193272353,0.67,-0.010000000000000009,0.009999999999999953,-0.016666666666666607,0.016666666666666663,0.003941702130250635,0.0,0.65,0.65,100,100,0.65,0.35,0.65,0.35,0.0,1.0,0.24940253406297416,0.8576669956557452,0.67
explicit_test,mm,steer_immediate,16,8.0,-8.0,15.38533878326416,1.0,0.66,0.34,0.6666666666666666,0.3333333333333333,0.24546083193272353,0.67,0.0,0.0,0.0,0.0,-0.0010720077389851368,0.0,0.34,0.3333333333333333,100,99,0.66,0.34,0.6666666666666666,0.3333333333333333,0.01,0.99,0.2443888241937384,0.8369274999387563,0.67
explicit_test,mm,steer_long_term,16,16.0,16.0,15.38533878326416,1.0,0.66,0.34,0.6666666666666666,0.3333333333333333,0.24546083193272353,0.67,0.0,0.0,-0.006666666666666599,0.00666666666666671,0.01188663136214016,0.019999999999999907,0.66,0.66,100,100,0.66,0.34,0.66,0.34,0.0,1.0,0.2573474632948637,0.8891524683125317,0.69
explicit_test,mm,steer_immediate,16,16.0,-16.0,15.38533878326416,1.0,0.66,0.34,0.6666666666666666,0.3333333333333333,0.24546083193272353,0.67,0.010000000000000009,-0.010000000000000009,0.010101010101010166,-0.010101010101010055,0.0004839974408969161,0.0,0.33,0.32323232323232326,100,99,0.67,0.33,0.6767676767676768,0.32323232323232326,0.01,0.99,0.24594482937362044,0.8418158586136997,0.67
explicit_test,mm,steer_long_term,20,1.0,1.0,16.290969848632812,0.9999999403953552,0.66,0.34,0.6666666666666666,0.3333333333333333,0.24546083193272353,0.67,0.0,0.0,0.0,0.0,0.0013493423070758404,0.0,0.66,0.6666666666666666,100,99,0.66,0.34,0.6666666666666666,0.3333333333333333,0.01,0.99,0.24681017423979937,0.8470532128028572,0.67
explicit_test,mm,steer_immediate,20,1.0,-1.0,16.290969848632812,0.9999999403953552,0.66,0.34,0.6666666666666666,0.3333333333333333,0.24546083193272353,0.67,0.0,0.0,0.0,0.0,-0.0006433071196079443,0.0,0.34,0.3333333333333333,100,99,0.66,0.34,0.6666666666666666,0.3333333333333333,0.01,0.99,0.24481752481311558,0.8385346782952547,0.67
explicit_test,mm,steer_long_term,20,2.0,2.0,16.290969848632812,0.9999999403953552,0.66,0.34,0.6666666666666666,0.3333333333333333,0.24546083193272353,0.67,0.0,0.0,0.0,0.0,0.0027052747458219395,0.0,0.66,0.6666666666666666,100,99,0.66,0.34,0.6666666666666666,0.3333333333333333,0.01,0.99,0.24816610667854547,0.8529135888069868,0.67
explicit_test,mm,steer_immediate,20,2.0,-2.0,16.290969848632812,0.9999999403953552,0.66,0.34,0.6666666666666666,0.3333333333333333,0.24546083193272353,0.67,0.0,0.0,0.0,0.0,-0.0020141532551497254,0.0,0.34,0.3333333333333333,100,99,0.66,0.34,0.6666666666666666,0.3333333333333333,0.01,0.99,0.2434466786775738,0.8329910105839372,0.67
explicit_test,mm,steer_long_term,20,4.0,4.0,16.290969848632812,0.9999999403953552,0.66,0.34,0.6666666666666666,0.3333333333333333,0.24546083193272353,0.67,0.0,0.0,0.0,0.0,0.005753398244269209,0.0,0.66,0.6666666666666666,100,99,0.66,0.34,0.6666666666666666,0.3333333333333333,0.01,0.99,0.25121423017699274,0.8654050718992948,0.67
explicit_test,mm,steer_immediate,20,4.0,-4.0,16.290969848632812,0.9999999403953552,0.66,0.34,0.6666666666666666,0.3333333333333333,0.24546083193272353,0.67,0.0,0.0,0.0,0.0,-0.004125849674455839,0.010000000000000009,0.34,0.3333333333333333,100,99,0.66,0.34,0.6666666666666666,0.3333333333333333,0.01,0.99,0.2413349822582677,0.8243505690619349,0.68
explicit_test,mm,steer_long_term,20,8.0,8.0,16.290969848632812,0.9999999403953552,0.66,0.34,0.6666666666666666,0.3333333333333333,0.24546083193272353,0.67,0.0,0.0,0.0,0.0,0.012648462937213473,0.010000000000000009,0.66,0.6666666666666666,100,99,0.66,0.34,0.6666666666666666,0.3333333333333333,0.01,0.99,0.258109294869937,0.8937177174910903,0.68
explicit_test,mm,steer_immediate,20,8.0,-8.0,16.290969848632812,0.9999999403953552,0.66,0.34,0.6666666666666666,0.3333333333333333,0.24546083193272353,0.67,0.010000000000000009,-0.010000000000000009,0.010101010101010166,-0.010101010101010055,-0.007483318219892676,0.0,0.33,0.32323232323232326,100,99,0.67,0.33,0.6767676767676768,0.32323232323232326,0.01,0.99,0.23797751371283085,0.8092742574587465,0.67
explicit_test,mm,steer_long_term,20,16.0,16.0,16.290969848632812,0.9999999403953552,0.66,0.34,0.6666666666666666,0.3333333333333333,0.24546083193272353,0.67,0.020000000000000018,-0.020000000000000018,0.02020202020202022,-0.020202020202020166,0.03275403846986594,0.019999999999999907,0.68,0.6868686868686869,100,99,0.68,0.32,0.6868686868686869,0.31313131313131315,0.01,0.99,0.27821487040258946,0.9749141092412174,0.69
explicit_test,mm,steer_immediate,20,16.0,-16.0,16.290969848632812,0.9999999403953552,0.66,0.34,0.6666666666666666,0.3333333333333333,0.24546083193272353,0.67,-0.010000000000000009,0.009999999999999953,-0.010101010101010055,0.01010101010101011,-0.013373155840672557,0.0,0.35,0.3434343434343434,100,99,0.65,0.35,0.6565656565656566,0.3434343434343434,0.01,0.99,0.23208767609205097,0.7808022628724575,0.67
explicit_test,mm,steer_long_term,24,1.0,1.0,18.09175682067871,0.9999999403953552,0.66,0.34,0.6666666666666666,0.3333333333333333,0.24546083193272353,0.67,0.0,0.0,0.0,0.0,0.008317475253716095,0.0,0.66,0.6666666666666666,100,99,0.66,0.34,0.6666666666666666,0.3333333333333333,0.01,0.99,0.2537783071864396,0.875158138871193,0.67
explicit_test,mm,steer_immediate,24,1.0,-1.0,18.09175682067871,0.9999999403953552,0.66,0.34,0.6666666666666666,0.3333333333333333,0.24546083193272353,0.67,0.0,0.0,0.0,0.0,-0.007947440315037968,0.0,0.34,0.3333333333333333,100,99,0.66,0.34,0.6666666666666666,0.3333333333333333,0.01,0.99,0.23751339161768556,0.8093417267128825,0.67
explicit_test,mm,steer_long_term,24,2.0,2.0,18.09175682067871,0.9999999403953552,0.66,0.34,0.6666666666666666,0.3333333333333333,0.24546083193272353,0.67,0.0,0.0,0.0,0.0,0.016401548855938003,0.0,0.66,0.6666666666666666,100,99,0.66,0.34,0.6666666666666666,0.3333333333333333,0.01,0.99,0.26186238078866153,0.9081407228857279,0.67
explicit_test,mm,steer_immediate,24,2.0,-2.0,18.09175682067871,0.9999999403953552,0.66,0.34,0.6666666666666666,0.3333333333333333,0.24546083193272353,0.67,0.0,0.0,0.0,0.0,-0.016511578946374367,-0.010000000000000009,0.34,0.3333333333333333,100,99,0.66,0.34,0.6666666666666666,0.3333333333333333,0.01,0.99,0.22894925298634916,0.7742535919696093,0.66
explicit_test,mm,steer_long_term,24,4.0,4.0,18.09175682067871,0.9999999403953552,0.66,0.34,0.6666666666666666,0.3333333333333333,0.24546083193272353,0.67,0.0,0.0,0.0,0.0,0.03184710431378332,0.0,0.66,0.6666666666666666,100,99,0.66,0.34,0.6666666666666666,0.3333333333333333,0.01,0.99,0.27730793624650685,0.9704812144115568,0.67
explicit_test,mm,steer_immediate,24,4.0,-4.0,18.09175682067871,0.9999999403953552,0.66,0.34,0.6666666666666666,0.3333333333333333,0.24546083193272353,0.67,0.0,0.0,0.0,0.0,-0.03338723930064588,-0.010000000000000009,0.34,0.3333333333333333,100,99,0.66,0.34,0.6666666666666666,0.3333333333333333,0.01,0.99,0.21207359263207765,0.7055096568539738,0.66
explicit_test,mm,steer_long_term,24,8.0,8.0,18.09175682067871,0.9999999403953552,0.66,0.34,0.6666666666666666,0.3333333333333333,0.24546083193272353,0.67,0.020000000000000018,-0.020000000000000018,0.02020202020202022,-0.020202020202020166,0.06307496650144459,0.019999999999999907,0.68,0.6868686868686869,100,99,0.68,0.32,0.6868686868686869,0.31313131313131315,0.01,0.99,0.3085357984341681,1.095783859193325,0.69
explicit_test,mm,steer_immediate,24,8.0,-8.0,18.09175682067871,0.9999999403953552,0.66,0.34,0.6666666666666666,0.3333333333333333,0.24546083193272353,0.67,-0.050000000000000044,0.04999999999999999,-0.0505050505050505,0.0505050505050505,-0.06836766770575195,-0.030000000000000027,0.39,0.3838383838383838,100,99,0.61,0.39,0.6161616161616161,0.3838383838383838,0.01,0.99,0.17709316422697158,0.5615289353206754,0.64
explicit_test,mm,steer_long_term,24,16.0,16.0,18.09175682067871,0.9999999403953552,0.66,0.34,0.6666666666666666,0.3333333333333333,0.24546083193272353,0.67,0.039999999999999925,-0.040000000000000036,0.04040404040404044,-0.04040404040404039,0.11984355116728693,0.039999999999999925,0.7,0.7070707070707071,100,99,0.7,0.3,0.7070707070707071,0.29292929292929293,0.01,0.99,0.36530438310001045,1.3215400932170451,0.71
explicit_test,mm,steer_immediate,24,16.0,-16.0,18.09175682067871,0.9999999403953552,0.66,0.34,0.6666666666666666,0.3333333333333333,0.24546083193272353,0.67,-0.10999999999999999,0.10999999999999999,-0.11111111111111105,0.1111111111111111,-0.14231843325775118,-0.050000000000000044,0.45,0.4444444444444444,100,99,0.55,0.45,0.5555555555555556,0.4444444444444444,0.01,0.99,0.10314239867497235,0.2561434960365295,0.62
explicit_test,mm,steer_long_term,28,1.0,1.0,23.30733871459961,1.0,0.66,0.34,0.6666666666666666,0.3333333333333333,0.24546083193272353,0.67,0.0,0.0,0.0,0.0,0.01629031355027108,0.0,0.66,0.6666666666666666,100,99,0.66,0.34,0.6666666666666666,0.3333333333333333,0.01,0.99,0.2617511454829946,0.9074286986142397,0.67
explicit_test,mm,steer_immediate,28,1.0,-1.0,23.30733871459961,1.0,0.66,0.34,0.6666666666666666,0.3333333333333333,0.24546083193272353,0.67,0.0,0.0,0.0,0.0,-0.01570894883945584,0.0,0.34,0.3333333333333333,100,99,0.66,0.34,0.6666666666666666,0.3333333333333333,0.01,0.99,0.2297518830932677,0.7783913060277701,0.67
explicit_test,mm,steer_long_term,28,2.0,2.0,23.30733871459961,1.0,0.66,0.34,0.6666666666666666,0.3333333333333333,0.24546083193272353,0.67,0.0,0.0,0.0,0.0,0.03163014842662962,0.010000000000000009,0.66,0.6666666666666666,100,99,0.66,0.34,0.6666666666666666,0.3333333333333333,0.01,0.99,0.27709098035935315,0.969264785591513,0.68
explicit_test,mm,steer_immediate,28,2.0,-2.0,23.30733871459961,1.0,0.66,0.34,0.6666666666666666,0.3333333333333333,0.24546083193272353,0.67,-0.020000000000000018,0.019999999999999962,-0.02020202020202011,0.02020202020202022,-0.031597178895026445,-0.010000000000000009,0.36,0.35353535353535354,100,99,0.64,0.36,0.6464646464646465,0.35353535353535354,0.01,0.99,0.21386365303769708,0.7137383736670018,0.66
explicit_test,mm,steer_long_term,28,4.0,4.0,23.30733871459961,1.0,0.66,0.34,0.6666666666666666,0.3333333333333333,0.24546083193272353,0.67,0.020000000000000018,-0.020000000000000018,0.02020202020202022,-0.020202020202020166,0.06296095573808999,0.019999999999999907,0.68,0.6868686868686869,100,99,0.68,0.32,0.6868686868686869,0.31313131313131315,0.01,0.99,0.3084217876708135,1.095936617925763,0.69
explicit_test,mm,steer_immediate,28,4.0,-4.0,23.30733871459961,1.0,0.66,0.34,0.6666666666666666,0.3333333333333333,0.24546083193272353,0.67,-0.020000000000000018,0.019999999999999962,-0.02020202020202011,0.02020202020202022,-0.06422890332061798,-0.020000000000000018,0.36,0.35353535353535354,100,99,0.64,0.36,0.6464646464646465,0.35353535353535354,0.01,0.99,0.18123192861210555,0.5813989392668009,0.65
explicit_test,mm,steer_long_term,28,8.0,8.0,23.30733871459961,1.0,0.66,0.34,0.6666666666666666,0.3333333333333333,0.24546083193272353,0.67,0.039999999999999925,-0.040000000000000036,0.04040404040404044,-0.04040404040404039,0.1247592471214011,0.04999999999999993,0.7,0.7070707070707071,100,99,0.7,0.3,0.7070707070707071,0.29292929292929293,0.01,0.99,0.37022007905412463,1.345772379618138,0.72
explicit_test,mm,steer_immediate,28,8.0,-8.0,23.30733871459961,1.0,0.66,0.34,0.6666666666666666,0.3333333333333333,0.24546083193272353,0.67,-0.09000000000000008,0.08999999999999997,-0.09090909090909083,0.09090909090909094,-0.13069781285244972,-0.06000000000000005,0.43,0.42424242424242425,100,99,0.57,0.43,0.5757575757575758,0.42424242424242425,0.01,0.99,0.11476301908027381,0.31170186258852484,0.61
explicit_test,mm,steer_long_term,28,16.0,16.0,23.30733871459961,1.0,0.66,0.34,0.6666666666666666,0.3333333333333333,0.24546083193272353,0.67,0.07999999999999996,-0.08000000000000002,0.07333333333333336,-0.0733333333333333,0.24066154483705757,0.05999999999999994,0.74,0.74,100,100,0.74,0.26,0.74,0.26,0.0,1.0,0.4861223767697811,1.814751342870295,0.73
explicit_test,mm,steer_immediate,28,16.0,-16.0,23.30733871459961,1.0,0.66,0.34,0.6666666666666666,0.3333333333333333,0.24546083193272353,0.67,-0.23000000000000004,0.22999999999999993,-0.23232323232323226,0.23232323232323232,-0.27523681336082517,-0.21000000000000002,0.57,0.5656565656565656,100,99,0.43,0.57,0.43434343434343436,0.5656565656565656,0.01,0.99,-0.02977598142810166,-0.27757936116307974,0.46
explicit_test,mm,steer_long_term,32,1.0,1.0,30.687641143798828,1.0,0.66,0.34,0.6666666666666666,0.3333333333333333,0.24546083193272353,0.67,0.0,0.0,0.0,0.0,0.0073023655824363265,0.0,0.66,0.6666666666666666,100,99,0.66,0.34,0.6666666666666666,0.3333333333333333,0.01,0.99,0.25276319751515985,0.8703222295641899,0.67
explicit_test,mm,steer_immediate,32,1.0,-1.0,30.687641143798828,1.0,0.66,0.34,0.6666666666666666,0.3333333333333333,0.24546083193272353,0.67,0.0,0.0,0.0,0.0,-0.00676226960495116,0.0,0.34,0.3333333333333333,100,99,0.66,0.34,0.6666666666666666,0.3333333333333333,0.01,0.99,0.23869856232777237,0.8146355272829533,0.67
explicit_test,mm,steer_long_term,32,2.0,2.0,30.687641143798828,1.0,0.66,0.34,0.6666666666666666,0.3333333333333333,0.24546083193272353,0.67,0.0,0.0,0.0,0.0,0.014193735816515979,0.0,0.66,0.6666666666666666,100,99,0.66,0.34,0.6666666666666666,0.3333333333333333,0.01,0.99,0.2596545677492395,0.898260794300586,0.67
explicit_test,mm,steer_immediate,32,2.0,-2.0,30.687641143798828,1.0,0.66,0.34,0.6666666666666666,0.3333333333333333,0.24546083193272353,0.67,0.0,0.0,0.0,0.0,-0.014230859694071119,0.0,0.34,0.3333333333333333,100,99,0.66,0.34,0.6666666666666666,0.3333333333333333,0.01,0.99,0.2312299722386524,0.7847040374949574,0.67
explicit_test,mm,steer_long_term,32,4.0,4.0,30.687641143798828,1.0,0.66,0.34,0.6666666666666666,0.3333333333333333,0.24546083193272353,0.67,0.010000000000000009,-0.010000000000000009,0.010101010101010166,-0.010101010101010055,0.0283900255942717,0.010000000000000009,0.67,0.6767676767676768,100,99,0.67,0.33,0.6767676767676768,0.32323232323232326,0.01,0.99,0.27385085752699523,0.9545838852226735,0.68
explicit_test,mm,steer_immediate,32,4.0,-4.0,30.687641143798828,1.0,0.66,0.34,0.6666666666666666,0.3333333333333333,0.24546083193272353,0.67,0.0,0.0,0.0,0.0,-0.028344506220892074,-0.010000000000000009,0.34,0.3333333333333333,100,99,0.66,0.34,0.6666666666666666,0.3333333333333333,0.01,0.99,0.21711632571183145,0.7280738924071193,0.66
explicit_test,mm,steer_long_term,32,8.0,8.0,30.687641143798828,1.0,0.66,0.34,0.6666666666666666,0.3333333333333333,0.24546083193272353,0.67,0.020000000000000018,-0.020000000000000018,0.02020202020202022,-0.020202020202020166,0.05611825374420734,0.029999999999999916,0.68,0.6868686868686869,100,99,0.68,0.32,0.6868686868686869,0.31313131313131315,0.01,0.99,0.30157908567693087,1.0645470001176,0.7
explicit_test,mm,steer_immediate,32,8.0,-8.0,30.687641143798828,1.0,0.66,0.34,0.6666666666666666,0.3333333333333333,0.24546083193272353,0.67,-0.020000000000000018,0.019999999999999962,-0.02020202020202011,0.02020202020202022,-0.05702806277666242,-0.020000000000000018,0.36,0.35353535353535354,100,99,0.64,0.36,0.6464646464646465,0.35353535353535354,0.01,0.99,0.1884327691560611,0.6137285991758108,0.65
explicit_test,mm,steer_long_term,32,16.0,16.0,30.687641143798828,1.0,0.66,0.34,0.6666666666666666,0.3333333333333333,0.24546083193272353,0.67,0.039999999999999925,-0.040000000000000036,0.04040404040404044,-0.04040404040404039,0.10933177345898001,0.039999999999999925,0.7,0.7070707070707071,100,99,0.7,0.3,0.7070707070707071,0.29292929292929293,0.01,0.99,0.35479260539170354,1.274922072906047,0.71
explicit_test,mm,steer_immediate,32,16.0,-16.0,30.687641143798828,1.0,0.66,0.34,0.6666666666666666,0.3333333333333333,0.24546083193272353,0.67,-0.08000000000000007,0.07999999999999996,-0.08666666666666667,0.08666666666666667,-0.11319266919046642,-0.040000000000000036,0.42,0.42,100,100,0.58,0.42,0.58,0.42,0.0,1.0,0.1322681627422571,0.3893992118164897,0.63
implicit_full,mm,steer_long_term,16,1.0,1.0,15.38533878326416,1.0,0.6833333333333333,0.31666666666666665,0.6833333333333333,0.31666666666666665,0.18775643569650127,0.69,0.0,0.0,0.0,0.0,0.0006206907417314889,0.0,0.6833333333333333,0.6833333333333333,300,300,0.6833333333333333,0.31666666666666665,0.6833333333333333,0.31666666666666665,0.0,1.0,0.18837712643823276,1.2366364586291214,0.69
implicit_full,mm,steer_immediate,16,1.0,-1.0,15.38533878326416,1.0,0.6833333333333333,0.31666666666666665,0.6833333333333333,0.31666666666666665,0.18775643569650127,0.69,0.0033333333333332993,-0.0033333333333332993,0.0033333333333332993,-0.0033333333333332993,-0.0006524858903139696,0.0033333333333334103,0.31333333333333335,0.31333333333333335,300,300,0.6866666666666666,0.31333333333333335,0.6866666666666666,0.31333333333333335,0.0,1.0,0.1871039498061873,1.2280518875829876,0.6933333333333334
implicit_full,mm,steer_long_term,16,2.0,2.0,15.38533878326416,1.0,0.6833333333333333,0.31666666666666665,0.6833333333333333,0.31666666666666665,0.18775643569650127,0.69,0.006666666666666599,-0.006666666666666654,0.006666666666666599,-0.006666666666666654,0.0011926484604676824,0.0033333333333334103,0.69,0.69,300,300,0.69,0.31,0.69,0.31,0.0,1.0,0.18894908415696895,1.240420498562356,0.6933333333333334
implicit_full,mm,steer_immediate,16,2.0,-2.0,15.38533878326416,1.0,0.6833333333333333,0.31666666666666665,0.6833333333333333,0.31666666666666665,0.18775643569650127,0.69,0.0,0.0,0.0,0.0,-0.0009651786810718488,0.0033333333333334103,0.31666666666666665,0.31666666666666665,300,300,0.6833333333333333,0.31666666666666665,0.6833333333333333,0.31666666666666665,0.0,1.0,0.18679125701542942,1.2258847353731592,0.6933333333333334
implicit_full,mm,steer_long_term,16,4.0,4.0,15.38533878326416,1.0,0.6833333333333333,0.31666666666666665,0.6833333333333333,0.31666666666666665,0.18775643569650127,0.69,0.013333333333333308,-0.013333333333333308,0.013333333333333308,-0.013333333333333308,0.0023519823785561056,0.01333333333333342,0.6966666666666667,0.6966666666666667,300,300,0.6966666666666667,0.30333333333333334,0.6966666666666667,0.30333333333333334,0.0,1.0,0.19010841807505738,1.2481215170025826,0.7033333333333334
implicit_full,mm,steer_immediate,16,4.0,-4.0,15.38533878326416,1.0,0.6833333333333333,0.31666666666666665,0.6833333333333333,0.31666666666666665,0.18775643569650127,0.69,-0.0033333333333332993,0.003333333333333355,-0.0033333333333332993,0.003333333333333355,-0.002183258188888426,0.0,0.32,0.32,300,300,0.68,0.32,0.68,0.32,0.0,1.0,0.18557317750761285,1.2177520507139463,0.69
implicit_full,mm,steer_long_term,16,8.0,8.0,15.38533878326416,1.0,0.6833333333333333,0.31666666666666665,0.6833333333333333,0.31666666666666665,0.18775643569650127,0.69,0.016666666666666607,-0.016666666666666663,0.016666666666666607,-0.016666666666666663,0.004904161468148233,0.020000000000000018,0.7,0.7,300,300,0.7,0.3,0.7,0.3,0.0,1.0,0.1926605971646495,1.2651435601276655,0.71
implicit_full,mm,steer_immediate,16,8.0,-8.0,15.38533878326416,1.0,0.6833333333333333,0.31666666666666665,0.6833333333333333,0.31666666666666665,0.18775643569650127,0.69,-0.00666666666666671,0.006666666666666654,-0.00666666666666671,0.006666666666666654,-0.004069360582313164,-0.0033333333333332993,0.3233333333333333,0.3233333333333333,300,300,0.6766666666666666,0.3233333333333333,0.6766666666666666,0.3233333333333333,0.0,1.0,0.1836870751141881,1.2051902852828305,0.6866666666666666
implicit_full,mm,steer_long_term,16,16.0,16.0,15.38533878326416,1.0,0.6833333333333333,0.31666666666666665,0.6833333333333333,0.31666666666666665,0.18775643569650127,0.69,0.030000000000000027,-0.02999999999999997,0.029041248606465953,-0.029041248606466008,0.01085014236625284,0.030000000000000027,0.7133333333333334,0.7123745819397993,300,299,0.7133333333333334,0.2866666666666667,0.7123745819397993,0.28762541806020064,0.0033333333333333335,0.9966666666666667,0.1986065780627541,1.3050898441920677,0.72
implicit_full,mm,steer_immediate,16,16.0,-16.0,15.38533878326416,1.0,0.6833333333333333,0.31666666666666665,0.6833333333333333,0.31666666666666665,0.18775643569650127,0.69,-0.010000000000000009,0.010000000000000009,-0.010000000000000009,0.010000000000000009,-0.007646083983127022,-0.006666666666666599,0.32666666666666666,0.32666666666666666,300,300,0.6733333333333333,0.32666666666666666,0.6733333333333333,0.32666666666666666,0.0,1.0,0.18011035171337425,1.1811164115617672,0.6833333333333333
implicit_full,mm,steer_long_term,20,1.0,1.0,16.290969848632812,0.9999999403953552,0.6833333333333333,0.31666666666666665,0.6833333333333333,0.31666666666666665,0.18775643569650127,0.69,0.0,0.0,0.0,0.0,0.00040679110912608674,0.0033333333333334103,0.6833333333333333,0.6833333333333333,300,300,0.6833333333333333,0.31666666666666665,0.6833333333333333,0.31666666666666665,0.0,1.0,0.18816322680562736,1.2352517348900438,0.6933333333333334
implicit_full,mm,steer_immediate,20,1.0,-1.0,16.290969848632812,0.9999999403953552,0.6833333333333333,0.31666666666666665,0.6833333333333333,0.31666666666666665,0.18775643569650127,0.69,0.0033333333333332993,-0.0033333333333332993,0.0033333333333332993,-0.0033333333333332993,-0.0002305721825298923,0.0033333333333334103,0.31333333333333335,0.31333333333333335,300,300,0.6866666666666666,0.31333333333333335,0.6866666666666666,0.31333333333333335,0.0,1.0,0.18752586351397138,1.230869386245807,0.6933333333333334
implicit_full,mm,steer_long_term,20,2.0,2.0,16.290969848632812,0.9999999403953552,0.6833333333333333,0.31666666666666665,0.6833333333333333,0.31666666666666665,0.18775643569650127,0.69,0.010000000000000009,-0.010000000000000009,0.010000000000000009,-0.010000000000000009,0.0006925350637175254,0.010000000000000009,0.6933333333333334,0.6933333333333334,300,300,0.6933333333333334,0.30666666666666664,0.6933333333333334,0.30666666666666664,0.0,1.0,0.1884489707602188,1.2371979078277946,0.7
implicit_full,mm,steer_immediate,20,2.0,-2.0,16.290969848632812,0.9999999403953552,0.6833333333333333,0.31666666666666665,0.6833333333333333,0.31666666666666665,0.18775643569650127,0.69,0.0033333333333332993,-0.0033333333333332993,0.0033333333333332993,-0.0033333333333332993,-0.0006183024814041815,0.0,0.31333333333333335,0.31333333333333335,300,300,0.6866666666666666,0.31333333333333335,0.6866666666666666,0.31333333333333335,0.0,1.0,0.1871381332150971,1.2281384284173449,0.69
implicit_full,mm,steer_long_term,20,4.0,4.0,16.290969848632812,0.9999999403953552,0.6833333333333333,0.31666666666666665,0.6833333333333333,0.31666666666666665,0.18775643569650127,0.69,0.013333333333333308,-0.013333333333333308,0.013333333333333308,-0.013333333333333308,0.0014892490681571446,0.023333333333333428,0.6966666666666667,0.6966666666666667,300,300,0.6966666666666667,0.30333333333333334,0.6966666666666667,0.30333333333333334,0.0,1.0,0.18924568476465842,1.2426863619747262,0.7133333333333334
implicit_full,mm,steer_immediate,20,4.0,-4.0,16.290969848632812,0.9999999403953552,0.6833333333333333,0.31666666666666665,0.6833333333333333,0.31666666666666665,0.18775643569650127,0.69,0.0033333333333332993,-0.0033333333333332993,0.0033333333333332993,-0.0033333333333332993,-0.0008285183451759159,-0.0033333333333332993,0.31333333333333335,0.31333333333333335,300,300,0.6866666666666666,0.31333333333333335,0.6866666666666666,0.31333333333333335,0.0,1.0,0.18692791735132536,1.226498990058899,0.6866666666666666
implicit_full,mm,steer_long_term,20,8.0,8.0,16.290969848632812,0.9999999403953552,0.6833333333333333,0.31666666666666665,0.6833333333333333,0.31666666666666665,0.18775643569650127,0.69,0.020000000000000018,-0.019999999999999962,0.020000000000000018,-0.019999999999999962,0.004056623380165547,0.026666666666666727,0.7033333333333334,0.7033333333333334,300,300,0.7033333333333334,0.2966666666666667,0.7033333333333334,0.2966666666666667,0.0,1.0,0.19181305907666682,1.260044836246719,0.7166666666666667
implicit_full,mm,steer_immediate,20,8.0,-8.0,16.290969848632812,0.9999999403953552,0.6833333333333333,0.31666666666666665,0.6833333333333333,0.31666666666666665,0.18775643569650127,0.69,-0.010000000000000009,0.010000000000000009,-0.010000000000000009,0.010000000000000009,-0.0015602503841121995,-0.009999999999999898,0.32666666666666666,0.32666666666666666,300,300,0.6733333333333333,0.32666666666666666,0.6733333333333333,0.32666666666666666,0.0,1.0,0.18619618531238907,1.2212133491722246,0.68
implicit_full,mm,steer_long_term,20,16.0,16.0,16.290969848632812,0.9999999403953552,0.6833333333333333,0.31666666666666665,0.6833333333333333,0.31666666666666665,0.18775643569650127,0.69,0.040000000000000036,-0.03999999999999998,0.040000000000000036,-0.03999999999999998,0.01175056604823721,0.046666666666666745,0.7233333333333334,0.7233333333333334,300,300,0.7233333333333334,0.27666666666666667,0.7233333333333334,0.27666666666666667,0.0,1.0,0.19950700174473848,1.3116355232521892,0.7366666666666667
implicit_full,mm,steer_immediate,20,16.0,-16.0,16.290969848632812,0.9999999403953552,0.6833333333333333,0.31666666666666665,0.6833333333333333,0.31666666666666665,0.18775643569650127,0.69,-0.013333333333333308,0.013333333333333364,-0.013333333333333308,0.013333333333333364,-0.0011579452253257239,-0.016666666666666607,0.33,0.33,300,300,0.67,0.33,0.67,0.33,0.0,1.0,0.18659849047117555,1.2229995149374009,0.6733333333333333
implicit_full,mm,steer_long_term,24,1.0,1.0,18.09175682067871,0.9999999403953552,0.6833333333333333,0.31666666666666665,0.6833333333333333,0.31666666666666665,0.18775643569650127,0.69,0.0033333333333332993,-0.0033333333333332993,0.0033333333333332993,-0.0033333333333332993,0.0021805879450403354,0.00666666666666671,0.6866666666666666,0.6866666666666666,300,300,0.6866666666666666,0.31333333333333335,0.6866666666666666,0.31333333333333335,0.0,1.0,0.1899370236415416,1.2470240197392801,0.6966666666666667
implicit_full,mm,steer_immediate,24,1.0,-1.0,18.09175682067871,0.9999999403953552,0.6833333333333333,0.31666666666666665,0.6833333333333333,0.31666666666666665,0.18775643569650127,0.69,0.0,0.0,0.0,0.0,-0.0021641743291790083,-0.0033333333333332993,0.31666666666666665,0.31666666666666665,300,300,0.6833333333333333,0.31666666666666665,0.6833333333333333,0.31666666666666665,0.0,1.0,0.18559226136732226,1.2179873679329951,0.6866666666666666
implicit_full,mm,steer_long_term,24,2.0,2.0,18.09175682067871,0.9999999403953552,0.6833333333333333,0.31666666666666665,0.6833333333333333,0.31666666666666665,0.18775643569650127,0.69,0.006666666666666599,-0.006666666666666654,0.006666666666666599,-0.006666666666666654,0.004535167767511061,0.01333333333333342,0.69,0.69,300,300,0.69,0.31,0.69,0.31,0.0,1.0,0.19229160346401233,1.2625387352829178,0.7033333333333334
implicit_full,mm,steer_immediate,24,2.0,-2.0,18.09175682067871,0.9999999403953552,0.6833333333333333,0.31666666666666665,0.6833333333333333,0.31666666666666665,0.18775643569650127,0.69,0.0,0.0,0.0,0.0,-0.004442712348730615,-0.0033333333333332993,0.31666666666666665,0.31666666666666665,300,300,0.6833333333333333,0.31666666666666665,0.6833333333333333,0.31666666666666665,0.0,1.0,0.18331372334777066,1.2028816292248665,0.6866666666666666
implicit_full,mm,steer_long_term,24,4.0,4.0,18.09175682067871,0.9999999403953552,0.6833333333333333,0.31666666666666665,0.6833333333333333,0.31666666666666665,0.18775643569650127,0.69,0.026666666666666616,-0.026666666666666672,0.026666666666666616,-0.026666666666666672,0.009306937689737727,0.023333333333333428,0.71,0.71,300,300,0.71,0.29,0.71,0.29,0.0,1.0,0.197063373386239,1.2943533704802395,0.7133333333333334
implicit_full,mm,steer_immediate,24,4.0,-4.0,18.09175682067871,0.9999999403953552,0.6833333333333333,0.31666666666666665,0.6833333333333333,0.31666666666666665,0.18775643569650127,0.69,-0.010000000000000009,0.010000000000000009,-0.010000000000000009,0.010000000000000009,-0.008598171498160806,-0.0033333333333332993,0.32666666666666666,0.32666666666666666,300,300,0.6733333333333333,0.32666666666666666,0.6733333333333333,0.32666666666666666,0.0,1.0,0.17915826419834047,1.1752678524081905,0.6866666666666666
implicit_full,mm,steer_long_term,24,8.0,8.0,18.09175682067871,0.9999999403953552,0.6833333333333333,0.31666666666666665,0.6833333333333333,0.31666666666666665,0.18775643569650127,0.69,0.046666666666666634,-0.046666666666666634,0.046666666666666634,-0.046666666666666634,0.019171583024629707,0.036666666666666736,0.73,0.73,300,300,0.73,0.27,0.73,0.27,0.0,1.0,0.20692801872113098,1.3597291477024556,0.7266666666666667
implicit_full,mm,steer_immediate,24,8.0,-8.0,18.09175682067871,0.9999999403953552,0.6833333333333333,0.31666666666666665,0.6833333333333333,0.31666666666666665,0.18775643569650127,0.69,-0.033333333333333326,0.033333333333333326,-0.033333333333333326,0.033333333333333326,-0.01702217904385178,-0.026666666666666616,0.35,0.35,300,300,0.65,0.35,0.65,0.35,0.0,1.0,0.1707342566526495,1.1193111441781123,0.6633333333333333
implicit_full,mm,steer_long_term,24,16.0,16.0,18.09175682067871,0.9999999403953552,0.6833333333333333,0.31666666666666665,0.6833333333333333,0.31666666666666665,0.18775643569650127,0.69,0.06333333333333335,-0.0633333333333333,0.06333333333333335,-0.0633333333333333,0.039713600967079404,0.053333333333333344,0.7466666666666667,0.7466666666666667,300,300,0.7466666666666667,0.25333333333333335,0.7466666666666667,0.25333333333333335,0.0,1.0,0.22747003666358068,1.4955358000627408,0.7433333333333333
implicit_full,mm,steer_immediate,24,16.0,-16.0,18.09175682067871,0.9999999403953552,0.6833333333333333,0.31666666666666665,0.6833333333333333,0.31666666666666665,0.18775643569650127,0.69,-0.046666666666666634,0.04666666666666669,-0.046666666666666634,0.04666666666666669,-0.03277357697719707,-0.05666666666666664,0.36333333333333334,0.36333333333333334,300,300,0.6366666666666667,0.36333333333333334,0.6366666666666667,0.36333333333333334,0.0,1.0,0.1549828587193042,1.0141686051959793,0.6333333333333333
implicit_full,mm,steer_long_term,28,1.0,1.0,23.30733871459961,1.0,0.6833333333333333,0.31666666666666665,0.6833333333333333,0.31666666666666665,0.18775643569650127,0.69,0.020000000000000018,-0.019999999999999962,0.020000000000000018,-0.019999999999999962,0.004200626647410305,0.01333333333333342,0.7033333333333334,0.7033333333333334,300,300,0.7033333333333334,0.2966666666666667,0.7033333333333334,0.2966666666666667,0.0,1.0,0.19195706234391158,1.260464588701725,0.7033333333333334
implicit_full,mm,steer_immediate,28,1.0,-1.0,23.30733871459961,1.0,0.6833333333333333,0.31666666666666665,0.6833333333333333,0.31666666666666665,0.18775643569650127,0.69,-0.00666666666666671,0.006666666666666654,-0.00666666666666671,0.006666666666666654,-0.004155617670621697,-0.0033333333333332993,0.3233333333333333,0.3233333333333333,300,300,0.6766666666666666,0.3233333333333333,0.6766666666666666,0.3233333333333333,0.0,1.0,0.18360081802587958,1.2046644604951142,0.6866666666666666
implicit_full,mm,steer_long_term,28,2.0,2.0,23.30733871459961,1.0,0.6833333333333333,0.31666666666666665,0.6833333333333333,0.31666666666666665,0.18775643569650127,0.69,0.023333333333333317,-0.023333333333333317,0.023333333333333317,-0.023333333333333317,0.008428990151733179,0.026666666666666727,0.7066666666666667,0.7066666666666667,300,300,0.7066666666666667,0.29333333333333333,0.7066666666666667,0.29333333333333333,0.0,1.0,0.19618542584823445,1.2885507281497122,0.7166666666666667
implicit_full,mm,steer_immediate,28,2.0,-2.0,23.30733871459961,1.0,0.6833333333333333,0.31666666666666665,0.6833333333333333,0.31666666666666665,0.18775643569650127,0.69,-0.010000000000000009,0.010000000000000009,-0.010000000000000009,0.010000000000000009,-0.00833531711793814,-0.0033333333333332993,0.32666666666666666,0.32666666666666666,300,300,0.6733333333333333,0.32666666666666666,0.6733333333333333,0.32666666666666666,0.0,1.0,0.17942111857856313,1.176658621976773,0.6866666666666666
implicit_full,mm,steer_long_term,28,4.0,4.0,23.30733871459961,1.0,0.6833333333333333,0.31666666666666665,0.6833333333333333,0.31666666666666665,0.18775643569650127,0.69,0.033333333333333326,-0.033333333333333326,0.033333333333333326,-0.033333333333333326,0.01694490285357461,0.040000000000000036,0.7166666666666667,0.7166666666666667,300,300,0.7166666666666667,0.2833333333333333,0.7166666666666667,0.2833333333333333,0.0,1.0,0.20470133855007588,1.3453875550068914,0.73
implicit_full,mm,steer_immediate,28,4.0,-4.0,23.30733871459961,1.0,0.6833333333333333,0.31666666666666665,0.6833333333333333,0.31666666666666665,0.18775643569650127,0.69,-0.023333333333333317,0.023333333333333373,-0.023333333333333317,0.023333333333333373,-0.016839938184712078,-0.013333333333333308,0.34,0.34,300,300,0.66,0.34,0.66,0.34,0.0,1.0,0.1709164975117892,1.1198570716070633,0.6766666666666666
implicit_full,mm,steer_long_term,28,8.0,8.0,23.30733871459961,1.0,0.6833333333333333,0.31666666666666665,0.6833333333333333,0.31666666666666665,0.18775643569650127,0.69,0.05666666666666664,-0.05666666666666664,0.05666666666666664,-0.05666666666666664,0.03384832175138097,0.053333333333333344,0.74,0.74,300,300,0.74,0.26,0.74,0.26,0.0,1.0,0.22160475744788224,1.4577728072119256,0.7433333333333333
implicit_full,mm,steer_immediate,28,8.0,-8.0,23.30733871459961,1.0,0.6833333333333333,0.31666666666666665,0.6833333333333333,0.31666666666666665,0.18775643569650127,0.69,-0.046666666666666634,0.04666666666666669,-0.046666666666666634,0.04666666666666669,-0.033562958500503226,-0.046666666666666634,0.36333333333333334,0.36333333333333334,300,300,0.6366666666666667,0.36333333333333334,0.6366666666666667,0.36333333333333334,0.0,1.0,0.15419347719599805,1.007586723472923,0.6433333333333333
implicit_full,mm,steer_long_term,28,16.0,16.0,23.30733871459961,1.0,0.6833333333333333,0.31666666666666665,0.6833333333333333,0.31666666666666665,0.18775643569650127,0.69,0.07666666666666666,-0.07666666666666666,0.07666666666666666,-0.07666666666666666,0.0656771500571631,0.08333333333333337,0.76,0.76,300,300,0.76,0.24,0.76,0.24,0.0,1.0,0.25343358575366437,1.6685103062043587,0.7733333333333333
implicit_full,mm,steer_immediate,28,16.0,-16.0,23.30733871459961,1.0,0.6833333333333333,0.31666666666666665,0.6833333333333333,0.31666666666666665,0.18775643569650127,0.69,-0.07333333333333336,0.07333333333333336,-0.07333333333333336,0.07333333333333336,-0.06648472490410008,-0.08333333333333326,0.39,0.39,300,300,0.61,0.39,0.61,0.39,0.0,1.0,0.12127171079240119,0.7854958240066966,0.6066666666666667
implicit_full,mm,steer_long_term,32,1.0,1.0,30.687641143798828,1.0,0.6833333333333333,0.31666666666666665,0.6833333333333333,0.31666666666666665,0.18775643569650127,0.69,0.006666666666666599,-0.006666666666666654,0.006666666666666599,-0.006666666666666654,0.0029042596742510918,0.010000000000000009,0.69,0.69,300,300,0.69,0.31,0.69,0.31,0.0,1.0,0.19066069537075236,1.2517122343368827,0.7
implicit_full,mm,steer_immediate,32,1.0,-1.0,30.687641143798828,1.0,0.6833333333333333,0.31666666666666665,0.6833333333333333,0.31666666666666665,0.18775643569650127,0.69,-0.0033333333333332993,0.003333333333333355,-0.0033333333333332993,0.003333333333333355,-0.003069548203299438,-0.0033333333333332993,0.32,0.32,300,300,0.68,0.32,0.68,0.32,0.0,1.0,0.18468688749320183,1.2121394091472029,0.6866666666666666
implicit_full,mm,steer_long_term,32,2.0,2.0,30.687641143798828,1.0,0.6833333333333333,0.31666666666666665,0.6833333333333333,0.31666666666666665,0.18775643569650127,0.69,0.020000000000000018,-0.019999999999999962,0.020000000000000018,-0.019999999999999962,0.005887434813970083,0.01666666666666672,0.7033333333333334,0.7033333333333334,300,300,0.7033333333333334,0.2966666666666667,0.7033333333333334,0.2966666666666667,0.0,1.0,0.19364387051047136,1.2714090116259953,0.7066666666666667
implicit_full,mm,steer_immediate,32,2.0,-2.0,30.687641143798828,1.0,0.6833333333333333,0.31666666666666665,0.6833333333333333,0.31666666666666665,0.18775643569650127,0.69,-0.010000000000000009,0.010000000000000009,-0.010000000000000009,0.010000000000000009,-0.005955900184344498,-0.0033333333333332993,0.32666666666666666,0.32666666666666666,300,300,0.6733333333333333,0.32666666666666666,0.6733333333333333,0.32666666666666666,0.0,1.0,0.18180053551215677,1.1930596584454178,0.6866666666666666
implicit_full,mm,steer_long_term,32,4.0,4.0,30.687641143798828,1.0,0.6833333333333333,0.31666666666666665,0.6833333333333333,0.31666666666666665,0.18775643569650127,0.69,0.026666666666666616,-0.026666666666666672,0.026666666666666616,-0.026666666666666672,0.011679272039327782,0.023333333333333428,0.71,0.71,300,300,0.71,0.29,0.71,0.29,0.0,1.0,0.19943570773582905,1.3096449364721776,0.7133333333333334
implicit_full,mm,steer_immediate,32,4.0,-4.0,30.687641143798828,1.0,0.6833333333333333,0.31666666666666665,0.6833333333333333,0.31666666666666665,0.18775643569650127,0.69,-0.010000000000000009,0.010000000000000009,-0.010000000000000009,0.010000000000000009,-0.011900322167978927,-0.006666666666666599,0.32666666666666666,0.32666666666666666,300,300,0.6733333333333333,0.32666666666666666,0.6733333333333333,0.32666666666666666,0.0,1.0,0.17585611352852235,1.153849908541888,0.6833333333333333
implicit_full,mm,steer_long_term,32,8.0,8.0,30.687641143798828,1.0,0.6833333333333333,0.31666666666666665,0.6833333333333333,0.31666666666666665,0.18775643569650127,0.69,0.036666666666666625,-0.036666666666666625,0.036666666666666625,-0.036666666666666625,0.022916242421294253,0.043333333333333335,0.72,0.72,300,300,0.72,0.28,0.72,0.28,0.0,1.0,0.21067267811779553,1.383802591059357,0.7333333333333333
implicit_full,mm,steer_immediate,32,8.0,-8.0,30.687641143798828,1.0,0.6833333333333333,0.31666666666666665,0.6833333333333333,0.31666666666666665,0.18775643569650127,0.69,-0.01666666666666672,0.016666666666666663,-0.01666666666666672,0.016666666666666663,-0.023921589232049872,-0.013333333333333308,0.3333333333333333,0.3333333333333333,300,300,0.6666666666666666,0.3333333333333333,0.6666666666666666,0.3333333333333333,0.0,1.0,0.1638348464644514,1.0743082714204988,0.6766666666666666
implicit_full,mm,steer_long_term,32,16.0,16.0,30.687641143798828,1.0,0.6833333333333333,0.31666666666666665,0.6833333333333333,0.31666666666666665,0.18775643569650127,0.69,0.04999999999999993,-0.04999999999999999,0.04999999999999993,-0.04999999999999999,0.04416234704122568,0.07000000000000006,0.7333333333333333,0.7333333333333333,300,300,0.7333333333333333,0.26666666666666666,0.7333333333333333,0.26666666666666666,0.0,1.0,0.23191878273772695,1.524016910896947,0.76
implicit_full,mm,steer_immediate,32,16.0,-16.0,30.687641143798828,1.0,0.6833333333333333,0.31666666666666665,0.6833333333333333,0.31666666666666665,0.18775643569650127,0.69,-0.043333333333333335,0.043333333333333335,-0.043333333333333335,0.043333333333333335,-0.048345638656367845,-0.033333333333333326,0.36,0.36,300,300,0.64,0.36,0.64,0.36,0.0,1.0,0.13941079704013343,0.9127459855998555,0.6566666666666666
