session,filler_turns,pathology,gold,condition,evidence_share,target_share,scale,pred,correct
0,21,Acute pulmonary edema,D,local,0.04275283769120416,,1.0,B,False
0,21,Acute pulmonary edema,D,back_20,0.010888621560277792,,1.0,B,False
0,21,Acute pulmonary edema,D,local_clamped,0.01089152446858251,0.010888621560277792,0.14045183996771032,B,False
0,21,Acute pulmonary edema,C,local,0.04563352670248732,,1.0,A,False
0,21,Acute pulmonary edema,C,back_20,0.0112114906720267,,1.0,A,False
0,21,Acute pulmonary edema,C,local_clamped,0.011161579846146815,0.0112114906720267,0.13441329461752805,A,False
0,21,Chronic rhinosinusitis,B,local,0.037984310708408985,,1.0,B,True
0,21,Chronic rhinosinusitis,B,back_20,0.011159994133336884,,1.0,B,True
0,21,Chronic rhinosinusitis,B,local_clamped,0.011059901700862957,0.011159994133336884,0.17368911360421682,B,True
0,21,URTI,E,local,0.03888370439074762,,1.0,E,True
0,21,URTI,E,back_20,0.009480025147894,,1.0,E,True
0,21,URTI,E,local_clamped,0.009453524081578152,0.009480025147894,0.1446275083208538,E,True
0,21,Influenza,D,local,0.04906515949173801,,1.0,A,False
0,21,Influenza,D,back_20,0.010834512136031703,,1.0,A,False
0,21,Influenza,D,local_clamped,0.010822198545105308,0.010834512136031703,0.1213137638466268,A,False
0,21,Acute dystonic reactions,C,local,0.0382915931904884,,1.0,C,True
0,21,Acute dystonic reactions,C,back_20,0.009731268154748928,,1.0,A,False
0,21,Acute dystonic reactions,C,local_clamped,0.00968882917881395,0.009731268154748928,0.1446275083208538,C,True
0,21,Unstable angina,B,local,0.03731880606072243,,1.0,A,False
0,21,Unstable angina,B,back_20,0.011203344967538807,,1.0,A,False
0,21,Unstable angina,B,local_clamped,0.011238879897724355,0.011203344967538807,0.20555713592330557,A,False
0,21,Pulmonary embolism,C,local,0.04475780219380731,,1.0,C,True
0,21,Pulmonary embolism,C,back_20,0.011318038052041459,,1.0,C,True
0,21,Pulmonary embolism,C,local_clamped,0.011268246408005467,0.011318038052041459,0.1363967310184996,C,True
0,28,Scombroid food poisoning,A,local,0.042091004835855796,,1.0,A,True
0,28,Scombroid food poisoning,A,back_20,0.008761655650294081,,1.0,A,True
0,28,Scombroid food poisoning,A,local_clamped,0.008666367200308889,0.008761655650294081,0.09596708604499847,A,True
0,28,Chronic rhinosinusitis,B,local,0.03964072148103936,,1.0,B,True
0,28,Chronic rhinosinusitis,B,back_20,0.009720546382654875,,1.0,B,True
0,28,Chronic rhinosinusitis,B,local_clamped,0.009675229408151496,0.009720546382654875,0.1213137638466268,B,True
0,28,Myocarditis,C,local,0.034930370610507196,,1.0,E,False
0,28,Myocarditis,C,back_20,0.00787779493870817,,1.0,E,False
0,28,Myocarditis,C,local_clamped,0.007878165539443609,0.00787779493870817,0.14045183996771032,E,False
0,28,Possible NSTEMI / STEMI,A,local,0.03853967376200781,,1.0,A,True
0,28,Possible NSTEMI / STEMI,A,back_20,0.009278647560728626,,1.0,A,True
0,28,Possible NSTEMI / STEMI,A,local_clamped,0.009009459954122556,0.009278647560728626,0.13245870069633822,A,True
0,28,Bronchiectasis,D,local,0.03583382825920873,,1.0,B,False
0,28,Bronchiectasis,D,back_20,0.0077878705630115815,,1.0,B,False
0,28,Bronchiectasis,D,local_clamped,0.007749285865902518,0.0077878705630115815,0.13245870069633822,B,False
0,28,Anaphylaxis,A,local,0.04381821824706228,,1.0,A,True
0,28,Anaphylaxis,A,back_20,0.009013019013160118,,1.0,A,True
0,28,Anaphylaxis,A,local_clamped,0.009106084717904517,0.009013019013160118,0.09882021153081356,A,True
0,28,Pericarditis,D,local,0.04325025872317761,,1.0,D,True
0,28,Pericarditis,D,back_20,0.011819161704047598,,1.0,D,True
0,28,Pericarditis,D,local_clamped,0.01174313455696641,0.011819161704047598,0.14892732033918138,A,False
0,28,HIV (initial infection),C,local,0.048536142117423076,,1.0,C,True
0,28,HIV (initial infection),C,back_20,0.011879896252241506,,1.0,C,True
0,28,HIV (initial infection),C,local_clamped,0.011796765991304308,0.011879896252241506,0.11440977590183832,C,True
0,35,PSVT,E,local,0.04023395413183413,,1.0,C,False
0,35,PSVT,E,back_20,0.008383737332195924,,1.0,B,False
0,35,PSVT,E,local_clamped,0.008454702240470258,0.008383737332195924,0.11781120717275206,B,False
0,35,Bronchospasm / acute asthma exacerbation,C,local,0.03313193184522111,,1.0,C,True
0,35,Bronchospasm / acute asthma exacerbation,C,back_20,0.0077156649129709225,,1.0,C,True
0,35,Bronchospasm / acute asthma exacerbation,C,local_clamped,0.007661121927072836,0.0077156649129709225,0.11440977590183832,C,True
0,35,Chronic rhinosinusitis,A,local,0.035728236172713555,,1.0,A,True
0,35,Chronic rhinosinusitis,A,back_20,0.010476768166428058,,1.0,A,True
0,35,Chronic rhinosinusitis,A,local_clamped,0.010431940637218974,0.010476768166428058,0.19385884264329528,A,True
0,35,URTI,D,local,0.03400086139472021,,1.0,D,True
0,35,URTI,D,back_20,0.007390232020881507,,1.0,A,False
0,35,URTI,D,local_clamped,0.0075069524636184465,0.007390232020881507,0.13441329461752805,A,False
0,35,Pericarditis,C,local,0.03686889889035777,,1.0,C,True
0,35,Pericarditis,C,back_20,0.008588639489414091,,1.0,A,False
0,35,Pericarditis,C,local_clamped,0.00852741701421795,0.008588639489414091,0.1286343687209221,A,False
0,35,Anemia,B,local,0.04816400374438713,,1.0,E,False
0,35,Anemia,B,back_20,0.009811211464032557,,1.0,E,False
0,35,Anemia,B,local_clamped,0.009798602345026611,0.009811211464032557,0.07055468560567407,E,False
0,35,Atrial fibrillation,C,local,0.03368071090851361,,1.0,C,True
0,35,Atrial fibrillation,C,back_20,0.006543202797345798,,1.0,C,True
0,35,Atrial fibrillation,C,local_clamped,0.006638849579845265,0.006543202797345798,0.0759162135601666,C,True
0,35,Pulmonary embolism,E,local,0.03472771887666411,,1.0,E,True
0,35,Pulmonary embolism,E,back_20,0.008636219285860166,,1.0,E,True
0,35,Pulmonary embolism,E,local_clamped,0.00854756392669828,0.008636219285860166,0.12492045240700124,C,False
0,42,Anemia,A,local,0.04530622405257721,,1.0,A,True
0,42,Anemia,A,back_20,0.011413290708773073,,1.0,A,True
0,42,Anemia,A,local_clamped,0.011357061843459401,0.011413290708773073,0.13053252983707558,A,True
0,42,Myasthenia gravis,E,local,0.03400986307771766,,1.0,E,True
0,42,Myasthenia gravis,E,back_20,0.006133494278735829,,1.0,E,True
0,42,Myasthenia gravis,E,local_clamped,0.006122044788425055,0.006133494278735829,0.09050558205614526,E,True
0,42,URTI,A,local,0.03925977342330727,,1.0,A,True
0,42,URTI,A,back_20,0.009471198185081775,,1.0,A,True
0,42,URTI,A,local_clamped,0.009519917205817918,0.009471198185081775,0.11440977590183832,A,True
0,42,Inguinal hernia,C,local,0.04505356770372775,,1.0,C,True
0,42,Inguinal hernia,C,back_20,0.008297856949166932,,1.0,D,False
0,42,Inguinal hernia,C,local_clamped,0.008259361368874183,0.008297856949166932,0.08049733103113403,B,False
0,42,Pneumonia,D,local,0.04648640429595641,,1.0,D,True
0,42,Pneumonia,D,back_20,0.010868158366587027,,1.0,D,True
0,42,Pneumonia,D,local_clamped,0.010914544202373328,0.010868158366587027,0.1446275083208538,D,True
0,42,Myocarditis,C,local,0.033888127543110144,,1.0,E,False
0,42,Myocarditis,C,back_20,0.005987986475850222,,1.0,E,False
0,42,Myocarditis,C,local_clamped,0.005891932129540331,0.005987986475850222,0.09596708604499847,E,False
0,42,Boerhaave,D,local,0.034651006077015614,,1.0,E,False
0,42,Boerhaave,D,back_20,0.005891592206465563,,1.0,E,False
0,42,Boerhaave,D,local_clamped,0.005810473312466648,0.005891592206465563,0.09596708604499847,E,False
0,42,Anemia,C,local,0.039254134915406975,,1.0,C,True
0,42,Anemia,C,back_20,0.007866916859205536,,1.0,E,False
0,42,Anemia,C,local_clamped,0.007799441726215912,0.007866916859205536,0.11274606657056462,E,False
1,21,Stable angina,B,local,0.035351718254126585,,1.0,A,False
1,21,Stable angina,B,back_20,0.011672354207943018,,1.0,A,False
1,21,Stable angina,B,local_clamped,0.011613678055068827,0.011672354207943018,0.22117764816905203,A,False
1,21,Allergic sinusitis,B,local,0.03599382549659228,,1.0,B,True
1,21,Allergic sinusitis,B,back_20,0.009613603077427512,,1.0,B,True
1,21,Allergic sinusitis,B,local_clamped,0.009478448439571753,0.009613603077427512,0.13840943550614293,D,False
1,21,SLE,C,local,0.052110722491569436,,1.0,A,False
1,21,SLE,C,back_20,0.018024635028662868,,1.0,E,False
1,21,SLE,C,local_clamped,0.017932079411106038,0.018024635028662868,0.09882021153081356,E,False
1,21,Panic attack,E,local,0.04360608462068867,,1.0,E,True
1,21,Panic attack,E,back_20,0.015215884786685684,,1.0,C,False
1,21,Panic attack,E,local_clamped,0.015263771289391093,0.015215884786685684,0.15791424838939916,C,False
1,21,Pneumonia,B,local,0.051305134247750024,,1.0,B,True
1,21,Pneumonia,B,back_20,0.014629303091952954,,1.0,B,True
1,21,Pneumonia,B,local_clamped,0.014551822108573004,0.014629303091952954,0.15561791132802838,B,True
1,21,URTI,A,local,0.038225255743527996,,1.0,A,True
1,21,URTI,A,back_20,0.010565434340115674,,1.0,A,True
1,21,URTI,A,local_clamped,0.010481628991295993,0.010565434340115674,0.15676187515876994,A,True
1,21,Acute laryngitis,C,local,0.03794417212077338,,1.0,A,False
1,21,Acute laryngitis,C,back_20,0.009717331377341775,,1.0,A,False
1,21,Acute laryngitis,C,local_clamped,0.00976514728492701,0.009717331377341775,0.11440977590183832,B,False
1,21,URTI,A,local,0.03794792200873468,,1.0,A,True
1,21,URTI,A,back_20,0.011313987349301554,,1.0,A,True
1,21,URTI,A,local_clamped,0.011381204942664442,0.011313987349301554,0.17754776192410024,A,True
1,28,Guillain-Barré syndrome,C,local,0.03832444325986307,,1.0,C,True
1,28,Guillain-Barré syndrome,C,back_20,0.006707046449318001,,1.0,A,False
1,28,Guillain-Barré syndrome,C,local_clamped,0.006809543901800426,0.006707046449318001,0.063678630095297,B,False
1,28,Viral pharyngitis,A,local,0.03784470915170638,,1.0,C,False
1,28,Viral pharyngitis,A,back_20,0.007774185436788831,,1.0,A,True
1,28,Viral pharyngitis,A,local_clamped,0.007707417690964696,0.007774185436788831,0.10175816115137408,A,True
1,28,Atrial fibrillation,A,local,0.03699130692794787,,1.0,A,True
1,28,Atrial fibrillation,A,back_20,0.007384270649708433,,1.0,A,True
1,28,Atrial fibrillation,A,local_clamped,0.007407891013903383,0.007384270649708433,0.06952870257335038,E,False
1,28,Scombroid food poisoning,D,local,0.04178321529847241,,1.0,D,True
1,28,Scombroid food poisoning,D,back_20,0.009679086976892516,,1.0,D,True
1,28,Scombroid food poisoning,D,local_clamped,0.009900762434082075,0.009679086976892516,0.09184110520102522,D,True
1,28,Myasthenia gravis,E,local,0.03552047294037197,,1.0,E,True
1,28,Myasthenia gravis,E,back_20,0.005847170786677793,,1.0,E,True
1,28,Myasthenia gravis,E,local_clamped,0.005931598419060058,0.005847170786677793,0.09050558205614526,E,True
1,28,Possible NSTEMI / STEMI,C,local,0.03992093861332972,,1.0,C,True
1,28,Possible NSTEMI / STEMI,C,back_20,0.011921250714154756,,1.0,C,True
1,28,Possible NSTEMI / STEMI,C,local_clamped,0.011902880807387562,0.011921250714154756,0.14569068052922882,C,True
1,28,Influenza,C,local,0.04766427566288064,,1.0,B,False
1,28,Influenza,C,back_20,0.011299639939286064,,1.0,B,False
1,28,Influenza,C,local_clamped,0.011360230428752808,0.011299639939286064,0.13245870069633822,B,False
1,28,URTI,B,local,0.038380067420222805,,1.0,B,True
1,28,URTI,B,back_20,0.008751395832400448,,1.0,B,True
1,28,URTI,B,local_clamped,0.008692107761135964,0.008751395832400448,0.08789251557133614,B,True
1,35,Boerhaave,B,local,0.03703337210771668,,1.0,A,False
1,35,Boerhaave,B,back_20,0.007897850158752806,,1.0,A,False
1,35,Boerhaave,B,local_clamped,0.007921622140732106,0.007897850158752806,0.1213137638466268,A,False
1,35,Influenza,C,local,0.04381227084838214,,1.0,B,False
1,35,Influenza,C,back_20,0.013333217565429425,,1.0,A,False
1,35,Influenza,C,local_clamped,0.013396842815267571,0.013333217565429425,0.16744348711569607,B,False
1,35,Pulmonary neoplasm,B,local,0.04018461055914296,,1.0,B,True
1,35,Pulmonary neoplasm,B,back_20,0.009603696681420663,,1.0,A,False
1,35,Pulmonary neoplasm,B,local_clamped,0.00970956956500594,0.009603696681420663,0.08789251557133614,B,True
1,35,Unstable angina,D,local,0.0370498086969629,,1.0,E,False
1,35,Unstable angina,D,back_20,0.00949050584308168,,1.0,D,True
1,35,Unstable angina,D,local_clamped,0.009386898167046609,0.00949050584308168,0.1478405288747087,D,True
1,35,Stable angina,B,local,0.03667530684583716,,1.0,B,True
1,35,Stable angina,B,back_20,0.007431101683949444,,1.0,D,False
1,35,Stable angina,B,local_clamped,0.0074519635561001284,0.007431101683949444,0.1286343687209221,D,False
1,35,GERD,C,local,0.041635122631931455,,1.0,C,True
1,35,GERD,C,back_20,0.009802775981396611,,1.0,C,True
1,35,GERD,C,local_clamped,0.009848630660960258,0.009802775981396611,0.1286343687209221,C,True
1,35,Anemia,E,local,0.042705120827731834,,1.0,E,True
1,35,Anemia,E,back_20,0.011424780113758306,,1.0,E,True
1,35,Anemia,E,local_clamped,0.011504579018599276,0.011424780113758306,0.09184110520102522,E,True
1,35,PSVT,A,local,0.039197682844311965,,1.0,A,True
1,35,PSVT,A,back_20,0.010284441472413341,,1.0,A,True
1,35,PSVT,A,local_clamped,0.010180157345754184,0.010284441472413341,0.08661441151814218,B,False
1,42,Panic attack,A,local,0.04045587969900488,,1.0,A,True
1,42,Panic attack,A,back_20,0.011244608810731267,,1.0,A,True
1,42,Panic attack,A,local_clamped,0.011407208389841722,0.011244608810731267,0.17242162389375282,A,True
1,42,Pancreatic neoplasm,D,local,0.0482491522290064,,1.0,C,False
1,42,Pancreatic neoplasm,D,back_20,0.012956906501553556,,1.0,A,False
1,42,Pancreatic neoplasm,D,local_clamped,0.012840195588119075,0.012956906501553556,0.13245870069633822,C,False
1,42,GERD,D,local,0.034546010105150696,,1.0,D,True
1,42,GERD,D,back_20,0.006356844508171603,,1.0,D,True
1,42,GERD,D,local_clamped,0.006176534110332302,0.006356844508171603,0.13245870069633822,D,True
1,42,GERD,D,local,0.04258239182353089,,1.0,D,True
1,42,GERD,D,back_20,0.007972172323806074,,1.0,D,True
1,42,GERD,D,local_clamped,0.007898411813256736,0.007972172323806074,0.12492045240700124,D,True
1,42,Acute rhinosinusitis,C,local,0.03536104709383563,,1.0,C,True
1,42,Acute rhinosinusitis,C,back_20,0.00803176568543625,,1.0,C,True
1,42,Acute rhinosinusitis,C,local_clamped,0.007988400781227768,0.00803176568543625,0.14892732033918138,A,False
1,42,Viral pharyngitis,B,local,0.03671287781090865,,1.0,A,False
1,42,Viral pharyngitis,B,back_20,0.009680038843898302,,1.0,A,False
1,42,Viral pharyngitis,B,local_clamped,0.009751586601809983,0.009680038843898302,0.15335496684492847,A,False
1,42,Pancreatic neoplasm,D,local,0.043806246797276814,,1.0,D,True
1,42,Pancreatic neoplasm,D,back_20,0.010570629584796576,,1.0,D,True
1,42,Pancreatic neoplasm,D,local_clamped,0.010617241820463112,0.010570629584796576,0.1286343687209221,D,True
1,42,Viral pharyngitis,B,local,0.03886846400479664,,1.0,B,True
1,42,Viral pharyngitis,B,back_20,0.008299399789738015,,1.0,B,True
1,42,Viral pharyngitis,B,local_clamped,0.008378160840282374,0.008299399789738015,0.10789869514276741,B,True
2,21,Epiglottitis,A,local,0.040353957447620034,,1.0,A,True
2,21,Epiglottitis,A,back_20,0.011676817375787175,,1.0,A,True
2,21,Epiglottitis,A,local_clamped,0.011777004436281555,0.011676817375787175,0.1446275083208538,A,True
2,21,Pulmonary neoplasm,B,local,0.0451215866239728,,1.0,B,True
2,21,Pulmonary neoplasm,B,back_20,0.009407165756132119,,1.0,A,False
2,21,Pulmonary neoplasm,B,local_clamped,0.009318998390476526,0.009407165756132119,0.12492045240700124,A,False
2,21,Stable angina,D,local,0.033683134163989256,,1.0,E,False
2,21,Stable angina,D,back_20,0.008326957088627468,,1.0,E,False
2,21,Stable angina,D,local_clamped,0.008425224050732934,0.008326957088627468,0.15791424838939916,E,False
2,21,Acute otitis media,E,local,0.041545550474589354,,1.0,E,True
2,21,Acute otitis media,E,back_20,0.009971375659624554,,1.0,E,True
2,21,Acute otitis media,E,local_clamped,0.010098657768548217,0.009971375659624554,0.10789869514276741,E,True
2,21,Scombroid food poisoning,B,local,0.03896671556485765,,1.0,B,True
2,21,Scombroid food poisoning,B,back_20,0.010279645035967799,,1.0,A,False
2,21,Scombroid food poisoning,B,local_clamped,0.010482304436262548,0.010279645035967799,0.1626090785152391,B,True
2,21,Boerhaave,E,local,0.041012273111275366,,1.0,E,True
2,21,Boerhaave,E,back_20,0.00952320269331885,,1.0,A,False
2,21,Boerhaave,E,local_clamped,0.009521901852162704,0.00952320269331885,0.12676381003940596,A,False
2,21,Pericarditis,A,local,0.03983109852115957,,1.0,C,False
2,21,Pericarditis,A,back_20,0.011619344485577748,,1.0,C,False
2,21,Pericarditis,A,local_clamped,0.011590988995818634,0.011619344485577748,0.18282630132100924,C,False
2,21,SLE,D,local,0.04390539738709321,,1.0,A,False
2,21,SLE,D,back_20,0.009674641828098471,,1.0,A,False
2,21,SLE,D,local_clamped,0.00949450168234738,0.009674641828098471,0.11954965899341273,A,False
2,28,Tuberculosis,A,local,0.0377713900804828,,1.0,A,True
2,28,Tuberculosis,A,back_20,0.005873143742112441,,1.0,A,True
2,28,Tuberculosis,A,local_clamped,0.005861642670380624,0.005873143742112441,0.04750715251567949,A,True
2,28,Viral pharyngitis,D,local,0.03744840457443494,,1.0,A,False
2,28,Viral pharyngitis,D,back_20,0.009481737008094435,,1.0,B,False
2,28,Viral pharyngitis,D,local_clamped,0.009431611760995365,0.009481737008094435,0.12492045240700124,B,False
2,28,Epiglottitis,E,local,0.04702299304019443,,1.0,B,False
2,28,Epiglottitis,E,back_20,0.007507113771773302,,1.0,A,False
2,28,Epiglottitis,E,local_clamped,0.0075962055465370664,0.007507113771773302,0.10175816115137408,A,False
2,28,Viral pharyngitis,A,local,0.034287914012297596,,1.0,E,False
2,28,Viral pharyngitis,A,back_20,0.0064598468843375945,,1.0,A,True
2,28,Viral pharyngitis,A,local_clamped,0.0064821741078572425,0.0064598468843375945,0.11274606657056462,E,False
2,28,Unstable angina,C,local,0.033585542583964505,,1.0,A,False
2,28,Unstable angina,C,back_20,0.007688559245424843,,1.0,A,False
2,28,Unstable angina,C,local_clamped,0.007376390065904777,0.007688559245424843,0.13245870069633822,A,False
2,28,SLE,D,local,0.04026986057891916,,1.0,D,True
2,28,SLE,D,back_20,0.007405712553609071,,1.0,D,True
2,28,SLE,D,local_clamped,0.007331569510131405,0.007405712553609071,0.1213137638466268,E,False
2,28,Pancreatic neoplasm,B,local,0.04457637483201926,,1.0,B,True
2,28,Pancreatic neoplasm,B,back_20,0.009477166474059485,,1.0,C,False
2,28,Pancreatic neoplasm,B,local_clamped,0.009566272058391872,0.009477166474059485,0.12492045240700124,C,False
2,28,URTI,E,local,0.037103431631747626,,1.0,E,True
2,28,URTI,E,back_20,0.0073470914600199735,,1.0,E,True
2,28,URTI,E,local_clamped,0.007364357981351248,0.0073470914600199735,0.09596708604499847,E,True
2,35,Acute pulmonary edema,C,local,0.039055017813927353,,1.0,B,False
2,35,Acute pulmonary edema,C,back_20,0.007972868103300532,,1.0,B,False
2,35,Acute pulmonary edema,C,local_clamped,0.007797319319835565,0.007972868103300532,0.13245870069633822,B,False
2,35,Boerhaave,D,local,0.03424839718825768,,1.0,E,False
2,35,Boerhaave,D,back_20,0.005233143886756615,,1.0,E,False
2,35,Boerhaave,D,local_clamped,0.005140686697139554,0.005233143886756615,0.08789251557133614,E,False
2,35,Scombroid food poisoning,D,local,0.040409154575009355,,1.0,D,True
2,35,Scombroid food poisoning,D,back_20,0.006549346722881058,,1.0,D,True
2,35,Scombroid food poisoning,D,local_clamped,0.006468212968561309,0.006549346722881058,0.061840108201726356,D,True
2,35,Viral pharyngitis,C,local,0.038413501541030064,,1.0,C,True
2,35,Viral pharyngitis,C,back_20,0.006850120253686831,,1.0,D,False
2,35,Viral pharyngitis,C,local_clamped,0.0069472464127784605,0.006850120253686831,0.10789869514276741,D,False
2,35,Pulmonary embolism,A,local,0.03932181980695398,,1.0,E,False
2,35,Pulmonary embolism,A,back_20,0.008021963439357172,,1.0,A,True
2,35,Pulmonary embolism,A,local_clamped,0.00783768784970241,0.008021963439357172,0.1286343687209221,A,True
2,35,GERD,E,local,0.03801168506623197,,1.0,E,True
2,35,GERD,E,back_20,0.005329903439065903,,1.0,E,True
2,35,GERD,E,local_clamped,0.005340413731522439,0.005329903439065903,0.07817322158887273,E,True
2,35,Acute rhinosinusitis,A,local,0.03472594320451051,,1.0,A,True
2,35,Acute rhinosinusitis,A,back_20,0.006338061638917029,,1.0,A,True
2,35,Acute rhinosinusitis,A,local_clamped,0.006484787263118387,0.006338061638917029,0.1213137638466268,A,True
2,35,Boerhaave,C,local,0.035851245717554235,,1.0,D,False
2,35,Boerhaave,C,back_20,0.006482671091251361,,1.0,D,False
2,35,Boerhaave,C,local_clamped,0.006520700342748467,0.006482671091251361,0.08789251557133614,D,False
2,42,Viral pharyngitis,D,local,0.034029085113071234,,1.0,C,False
2,42,Viral pharyngitis,D,back_20,0.007757979871305457,,1.0,C,False
2,42,Viral pharyngitis,D,local_clamped,0.007834649810846483,0.007757979871305457,0.1213137638466268,C,False
2,42,URTI,A,local,0.03641391974173359,,1.0,A,True
2,42,URTI,A,back_20,0.007779617373758963,,1.0,A,True
2,42,URTI,A,local_clamped,0.007829550760230817,0.007779617373758963,0.1213137638466268,A,True
2,42,Pneumonia,A,local,0.045944282892925445,,1.0,A,True
2,42,Pneumonia,A,back_20,0.011187585822062132,,1.0,A,True
2,42,Pneumonia,A,local_clamped,0.01112788730288162,0.011187585822062132,0.13441329461752805,A,True
2,42,Possible NSTEMI / STEMI,B,local,0.0381054608977474,,1.0,B,True
2,42,Possible NSTEMI / STEMI,B,back_20,0.007092740475535717,,1.0,B,True
2,42,Possible NSTEMI / STEMI,B,local_clamped,0.0069960967523248095,0.007092740475535717,0.10789869514276741,B,True
2,42,URTI,A,local,0.035460076725392156,,1.0,A,True
2,42,URTI,A,back_20,0.006894872956017838,,1.0,A,True
2,42,URTI,A,local_clamped,0.006965116357420796,0.006894872956017838,0.09596708604499847,A,True
2,42,Epiglottitis,A,local,0.03569176950593582,,1.0,A,True
2,42,Epiglottitis,A,back_20,0.007239642540707705,,1.0,A,True
2,42,Epiglottitis,A,local_clamped,0.007176472518376341,0.007239642540707705,0.1213137638466268,A,True
2,42,Possible NSTEMI / STEMI,E,local,0.03256290220750836,,1.0,E,True
2,42,Possible NSTEMI / STEMI,E,back_20,0.005899422370421947,,1.0,E,True
2,42,Possible NSTEMI / STEMI,E,local_clamped,0.005867019595705394,0.005899422370421947,0.1213137638466268,E,True
2,42,HIV (initial infection),C,local,0.04465259434578206,,1.0,C,True
2,42,HIV (initial infection),C,back_20,0.007208182271451896,,1.0,D,False
2,42,HIV (initial infection),C,local_clamped,0.007199130370365753,0.007208182271451896,0.09050558205614526,D,False
3,21,Pericarditis,D,local,0.04033223224276319,,1.0,B,False
3,21,Pericarditis,D,back_20,0.01020638831651123,,1.0,D,True
3,21,Pericarditis,D,local_clamped,0.009902963068259385,0.01020638831651123,0.13245870069633822,B,False
3,21,Pulmonary embolism,A,local,0.04342194889437877,,1.0,A,True
3,21,Pulmonary embolism,A,back_20,0.010965116963762194,,1.0,A,True
3,21,Pulmonary embolism,A,local_clamped,0.011045062100775814,0.010965116963762194,0.14045183996771032,A,True
3,21,Acute rhinosinusitis,D,local,0.037778351367763134,,1.0,D,True
3,21,Acute rhinosinusitis,D,back_20,0.0083104831643407,,1.0,D,True
3,21,Acute rhinosinusitis,D,local_clamped,0.008306023265365859,0.0083104831643407,0.13840943550614293,D,True
3,21,PSVT,E,local,0.03438176472964501,,1.0,A,False
3,21,PSVT,E,back_20,0.008050508361639794,,1.0,B,False
3,21,PSVT,E,local_clamped,0.007988801471747695,0.008050508361639794,0.10789869514276741,B,False
3,21,PSVT,B,local,0.04455918332628562,,1.0,A,False
3,21,PSVT,B,back_20,0.009821760751683575,,1.0,A,False
3,21,PSVT,B,local_clamped,0.009893481832967427,0.009821760751683575,0.12492045240700124,A,False
3,21,Myocarditis,D,local,0.03852669597797563,,1.0,E,False
3,21,Myocarditis,D,back_20,0.008505089744088703,,1.0,E,False
3,21,Myocarditis,D,local_clamped,0.008334216224171867,0.008505089744088703,0.1286343687209221,E,False
3,21,Pancreatic neoplasm,C,local,0.04404142933089515,,1.0,C,True
3,21,Pancreatic neoplasm,C,back_20,0.010311554390287662,,1.0,E,False
3,21,Pancreatic neoplasm,C,local_clamped,0.010471005521962071,0.010311554390287662,0.13441329461752805,C,True
3,21,Influenza,C,local,0.04311175707394988,,1.0,E,False
3,21,Influenza,C,back_20,0.00898641866773819,,1.0,E,False
3,21,Influenza,C,local_clamped,0.008913541434933493,0.00898641866773819,0.10789869514276741,E,False
3,28,Anemia,B,local,0.04155107117543083,,1.0,B,True
3,28,Anemia,B,back_20,0.010154160875824726,,1.0,B,True
3,28,Anemia,B,local_clamped,0.010287212591788428,0.010154160875824726,0.09882021153081356,B,True
3,28,Pericarditis,E,local,0.040462959212420935,,1.0,E,True
3,28,Pericarditis,E,back_20,0.009837074538185374,,1.0,B,False
3,28,Pericarditis,E,local_clamped,0.009860040561889877,0.009837074538185374,0.1213137638466268,B,False
3,28,Influenza,D,local,0.045042864743363206,,1.0,A,False
3,28,Influenza,D,back_20,0.009482563084590433,,1.0,A,False
3,28,Influenza,D,local_clamped,0.009439087013891309,0.009482563084590433,0.11440977590183832,A,False
3,28,Myocarditis,B,local,0.03619259835831521,,1.0,D,False
3,28,Myocarditis,B,back_20,0.005793806080036443,,1.0,D,False
3,28,Myocarditis,B,local_clamped,0.0057636575079992895,0.005793806080036443,0.09738320051714533,D,False
3,28,Viral pharyngitis,D,local,0.03704083820245997,,1.0,B,False
3,28,Viral pharyngitis,D,back_20,0.007339050808217286,,1.0,B,False
3,28,Viral pharyngitis,D,local_clamped,0.0073184950543162515,0.007339050808217286,0.09596708604499847,B,False
3,28,Possible NSTEMI / STEMI,E,local,0.03343411449309238,,1.0,E,True
3,28,Possible NSTEMI / STEMI,E,back_20,0.008077366340845533,,1.0,E,True
3,28,Possible NSTEMI / STEMI,E,local_clamped,0.007779023314459761,0.008077366340845533,0.13245870069633822,E,True
3,28,Acute dystonic reactions,E,local,0.03282216638609163,,1.0,E,True
3,28,Acute dystonic reactions,E,back_20,0.005031126349847546,,1.0,A,False
3,28,Acute dystonic reactions,E,local_clamped,0.004999482961271089,0.005031126349847546,0.05341372732716633,A,False
3,28,Panic attack,D,local,0.03399612579001709,,1.0,D,True
3,28,Panic attack,D,back_20,0.00733444712060552,,1.0,D,True
3,28,Panic attack,D,local_clamped,0.007197831164852446,0.00733444712060552,0.13245870069633822,D,True
3,35,Acute COPD exacerbation / infection,A,local,0.028860200689679243,,1.0,A,True
3,35,Acute COPD exacerbation / infection,A,back_20,0.004796698368468013,,1.0,A,True
3,35,Acute COPD exacerbation / infection,A,local_clamped,0.004722555932876791,0.004796698368468013,0.0759162135601666,A,True
3,35,Myasthenia gravis,D,local,0.032782600728099257,,1.0,D,True
3,35,Myasthenia gravis,D,back_20,0.00569152357005578,,1.0,D,True
3,35,Myasthenia gravis,D,local_clamped,0.005785748064469032,0.00569152357005578,0.060054667895307945,D,True
3,35,Acute dystonic reactions,B,local,0.03550306593036999,,1.0,B,True
3,35,Acute dystonic reactions,B,back_20,0.006938583010899159,,1.0,B,True
3,35,Acute dystonic reactions,B,local_clamped,0.006975100321687387,0.006938583010899159,0.0675212780775444,B,True
3,35,Viral pharyngitis,B,local,0.03648484563565622,,1.0,D,False
3,35,Viral pharyngitis,B,back_20,0.00705687938408008,,1.0,D,False
3,35,Viral pharyngitis,B,local_clamped,0.007017269119153547,0.00705687938408008,0.08789251557133614,D,False
3,35,Atrial fibrillation,C,local,0.03305591061664386,,1.0,C,True
3,35,Atrial fibrillation,C,back_20,0.005970815569536392,,1.0,C,True
3,35,Atrial fibrillation,C,local_clamped,0.0059147455628624016,0.005970815569536392,0.0675212780775444,C,True
3,35,Myasthenia gravis,B,local,0.0313589202222556,,1.0,B,True
3,35,Myasthenia gravis,B,back_20,0.0042442948994927815,,1.0,A,False
3,35,Myasthenia gravis,B,local_clamped,0.004318656428346585,0.0042442948994927815,0.05341372732716633,A,False
3,35,GERD,B,local,0.042516246343601405,,1.0,B,True
3,35,GERD,B,back_20,0.01087338102689417,,1.0,B,True
3,35,GERD,B,local_clamped,0.010823104892270547,0.01087338102689417,0.15335496684492847,B,True
3,35,Tuberculosis,D,local,0.03910481661019749,,1.0,B,False
3,35,Tuberculosis,D,back_20,0.005259412165566771,,1.0,E,False
3,35,Tuberculosis,D,local_clamped,0.005233817692868194,0.005259412165566771,0.08049733103113403,E,False
3,42,Pneumonia,E,local,0.049612348874667596,,1.0,B,False
3,42,Pneumonia,E,back_20,0.009604897415876017,,1.0,B,False
3,42,Pneumonia,E,local_clamped,0.009454137375583035,0.009604897415876017,0.1286343687209221,B,False
3,42,Panic attack,C,local,0.038830696577976456,,1.0,C,True
3,42,Panic attack,C,back_20,0.008513895203775903,,1.0,C,True
3,42,Panic attack,C,local_clamped,0.008482680745834505,0.008513895203775903,0.11274606657056462,C,True
3,42,GERD,A,local,0.035153963609092606,,1.0,A,True
3,42,GERD,A,back_20,0.00830238753389462,,1.0,A,True
3,42,GERD,A,local_clamped,0.00849415769546344,0.00830238753389462,0.13441329461752805,A,True
3,42,Spontaneous rib fracture,B,local,0.04109666570760133,,1.0,A,False
3,42,Spontaneous rib fracture,B,back_20,0.00586709025919977,,1.0,A,False
3,42,Spontaneous rib fracture,B,local_clamped,0.005959102031606552,0.00586709025919977,0.09050558205614526,A,False
3,42,Acute laryngitis,B,local,0.0358216390776658,,1.0,A,False
3,42,Acute laryngitis,B,back_20,0.006244031985380439,,1.0,E,False
3,42,Acute laryngitis,B,local_clamped,0.006148748349104721,0.006244031985380439,0.08535489323371559,B,True
3,42,URTI,D,local,0.0363703988328652,,1.0,D,True
3,42,URTI,D,back_20,0.007941340359593664,,1.0,D,True
3,42,URTI,D,local_clamped,0.007760847961197226,0.007941340359593664,0.10789869514276741,D,True
3,42,Acute pulmonary edema,A,local,0.034924310769377936,,1.0,C,False
3,42,Acute pulmonary edema,A,back_20,0.008030562070926594,,1.0,C,False
3,42,Acute pulmonary edema,A,local_clamped,0.008099186896697105,0.008030562070926594,0.1213137638466268,C,False
3,42,Stable angina,B,local,0.03160894869523841,,1.0,D,False
3,42,Stable angina,B,back_20,0.006282895558026512,,1.0,D,False
3,42,Stable angina,B,local_clamped,0.0062203177622438275,0.006282895558026512,0.12492045240700124,D,False
4,21,Spontaneous rib fracture,A,local,0.03993104069184057,,1.0,D,False
4,21,Spontaneous rib fracture,A,back_20,0.010835968031871182,,1.0,D,False
4,21,Spontaneous rib fracture,A,local_clamped,0.010747531301612509,0.010835968031871182,0.1626090785152391,D,False
4,21,Panic attack,D,local,0.04553864724590253,,1.0,B,False
4,21,Panic attack,D,back_20,0.013403286655694447,,1.0,B,False
4,21,Panic attack,D,local_clamped,0.01331346239675193,0.013403286655694447,0.19385884264329528,B,False
4,21,Boerhaave,C,local,0.034891151226193316,,1.0,D,False
4,21,Boerhaave,C,back_20,0.008652212272739929,,1.0,D,False
4,21,Boerhaave,C,local_clamped,0.00858343210521983,0.008652212272739929,0.1446275083208538,D,False
4,21,PSVT,B,local,0.042332222034655156,,1.0,B,True
4,21,PSVT,B,back_20,0.010158822440021675,,1.0,B,True
4,21,PSVT,B,local_clamped,0.010256686450639435,0.010158822440021675,0.09596708604499847,B,True
4,21,GERD,D,local,0.041927559893368056,,1.0,D,True
4,21,GERD,D,back_20,0.010943346569076192,,1.0,D,True
4,21,GERD,D,local_clamped,0.010918698684160852,0.010943346569076192,0.14676166822967573,D,True
4,21,Acute rhinosinusitis,C,local,0.03598808999935947,,1.0,C,True
4,21,Acute rhinosinusitis,C,back_20,0.009928790671444355,,1.0,C,True
4,21,Acute rhinosinusitis,C,local_clamped,0.009878742289966833,0.009928790671444355,0.1286343687209221,C,True
4,21,Acute pulmonary edema,E,local,0.036608016381231005,,1.0,D,False
4,21,Acute pulmonary edema,E,back_20,0.0102722253716592,,1.0,D,False
4,21,Acute pulmonary edema,E,local_clamped,0.010244342592263965,0.0102722253716592,0.18282630132100924,D,False
4,21,Panic attack,D,local,0.0357695425010488,,1.0,E,False
4,21,Panic attack,D,back_20,0.010458641105338909,,1.0,D,True
4,21,Panic attack,D,local_clamped,0.010500876602097213,0.010458641105338909,0.19103981111462334,E,False
4,28,URTI,D,local,0.03477790191667766,,1.0,D,True
4,28,URTI,D,back_20,0.009379218006537538,,1.0,A,False
4,28,URTI,D,local_clamped,0.009424401751503778,0.009379218006537538,0.1614224449400586,D,True
4,28,Atrial fibrillation,D,local,0.04014497699644754,,1.0,B,False
4,28,Atrial fibrillation,D,back_20,0.010074510869230205,,1.0,B,False
4,28,Atrial fibrillation,D,local_clamped,0.010122895982591796,0.010074510869230205,0.1286343687209221,B,False
4,28,Anaphylaxis,C,local,0.04893282163658512,,1.0,C,True
4,28,Anaphylaxis,C,back_20,0.010901114100794357,,1.0,C,True
4,28,Anaphylaxis,C,local_clamped,0.010998557582333977,0.010901114100794357,0.1286343687209221,C,True
4,28,Pulmonary embolism,E,local,0.03836265316994191,,1.0,C,False
4,28,Pulmonary embolism,E,back_20,0.007697833853288127,,1.0,C,False
4,28,Pulmonary embolism,E,local_clamped,0.007602217713590576,0.007697833853288127,0.10175816115137408,C,False
4,28,Acute COPD exacerbation / infection,A,local,0.03220620651563288,,1.0,A,True
4,28,Acute COPD exacerbation / infection,A,back_20,0.006742600445672231,,1.0,A,True
4,28,Acute COPD exacerbation / infection,A,local_clamped,0.006635755843409123,0.006742600445672231,0.12676381003940596,A,True
4,28,Acute laryngitis,C,local,0.03588878816482471,,1.0,C,True
4,28,Acute laryngitis,C,back_20,0.007924946421585411,,1.0,A,False
4,28,Acute laryngitis,C,local_clamped,0.007931917174655379,0.007924946421585411,0.1286343687209221,A,False
4,28,Unstable angina,B,local,0.03543478644258549,,1.0,E,False
4,28,Unstable angina,B,back_20,0.0080274418436136,,1.0,E,False
4,28,Unstable angina,B,local_clamped,0.008194038907785332,0.0080274418436136,0.13441329461752805,E,False
4,28,Stable angina,C,local,0.03358245141300438,,1.0,E,False
4,28,Stable angina,C,back_20,0.007905826456580426,,1.0,E,False
4,28,Stable angina,C,local_clamped,0.007843882505040015,0.007905826456580426,0.15791424838939916,E,False
4,35,Acute laryngitis,B,local,0.03670963010216894,,1.0,B,True
4,35,Acute laryngitis,B,back_20,0.005661702709745898,,1.0,A,False
4,35,Acute laryngitis,B,local_clamped,0.005567905772318382,0.005661702709745898,0.07932676531921418,A,False
4,35,Chagas,B,local,0.05270800093093901,,1.0,C,False
4,35,Chagas,B,back_20,0.005439438597006587,,1.0,A,False
4,35,Chagas,B,local_clamped,0.005343926290572114,0.005439438597006587,0.05341372732716633,A,False
4,35,Guillain-Barré syndrome,D,local,0.032948418605046506,,1.0,D,True
4,35,Guillain-Barré syndrome,D,back_20,0.00409667072665213,,1.0,A,False
4,35,Guillain-Barré syndrome,D,local_clamped,0.004049995512711094,0.00409667072665213,0.04750715251567949,A,False
4,35,Pancreatic neoplasm,A,local,0.04220107548299957,,1.0,A,True
4,35,Pancreatic neoplasm,A,back_20,0.008523184222805385,,1.0,A,True
4,35,Pancreatic neoplasm,A,local_clamped,0.008562918381344056,0.008523184222805385,0.10789869514276741,A,True
4,35,Myocarditis,C,local,0.031750396400271025,,1.0,E,False
4,35,Myocarditis,C,back_20,0.004824631962841072,,1.0,E,False
4,35,Myocarditis,C,local_clamped,0.004832520687465993,0.004824631962841072,0.08535489323371559,E,False
4,35,HIV (initial infection),E,local,0.04236172644095748,,1.0,E,True
4,35,HIV (initial infection),E,back_20,0.007457137101646591,,1.0,A,False
4,35,HIV (initial infection),E,local_clamped,0.0073653022040656045,0.007457137101646591,0.09596708604499847,A,False
4,35,Bronchiectasis,C,local,0.03583376779180696,,1.0,E,False
4,35,Bronchiectasis,C,back_20,0.005434977017334342,,1.0,A,False
4,35,Bronchiectasis,C,local_clamped,0.005363654124129709,0.005434977017334342,0.04964142127042027,E,False
4,35,SLE,A,local,0.043350207749385895,,1.0,A,True
4,35,SLE,A,back_20,0.006445290824201823,,1.0,C,False
4,35,SLE,A,local_clamped,0.006474308022717023,0.006445290824201823,0.08049733103113403,C,False
4,42,Viral pharyngitis,D,local,0.036167074780268246,,1.0,A,False
4,42,Viral pharyngitis,D,back_20,0.007497118886735896,,1.0,A,False
4,42,Viral pharyngitis,D,local_clamped,0.00763248763045351,0.007497118886735896,0.0675212780775444,A,False
4,42,URTI,B,local,0.03891907779175064,,1.0,B,True
4,42,URTI,B,back_20,0.0067479466918336185,,1.0,B,True
4,42,URTI,B,local_clamped,0.006756158767081288,0.0067479466918336185,0.08049733103113403,B,True
4,42,PSVT,B,local,0.03907837035915103,,1.0,B,True
4,42,PSVT,B,back_20,0.006700093268226701,,1.0,B,True
4,42,PSVT,B,local_clamped,0.006773982789779316,0.006700093268226701,0.08049733103113403,B,True
4,42,Chronic rhinosinusitis,A,local,0.03213496835648376,,1.0,B,False
4,42,Chronic rhinosinusitis,A,back_20,0.006650743745578817,,1.0,A,True
4,42,Chronic rhinosinusitis,A,local_clamped,0.006703126042895192,0.006650743745578817,0.1213137638466268,A,True
4,42,Myasthenia gravis,C,local,0.03219679863446802,,1.0,C,True
4,42,Myasthenia gravis,C,back_20,0.003805469368005694,,1.0,C,True
4,42,Myasthenia gravis,C,local_clamped,0.003776681106619265,0.003805469368005694,0.031523207764256975,A,False
4,42,Chagas,B,local,0.03741347886563863,,1.0,A,False
4,42,Chagas,B,back_20,0.005375340344078396,,1.0,A,False
4,42,Chagas,B,local_clamped,0.005312445583930204,0.005375340344078396,0.07817322158887273,A,False
4,42,GERD,E,local,0.036387348612842665,,1.0,E,True
4,42,GERD,E,back_20,0.005894602122700016,,1.0,E,True
4,42,GERD,E,local_clamped,0.0060065262328714035,0.005894602122700016,0.0759162135601666,E,True
4,42,Anaphylaxis,A,local,0.038861661572749666,,1.0,A,True
4,42,Anaphylaxis,A,back_20,0.007622840848398525,,1.0,A,True
4,42,Anaphylaxis,A,local_clamped,0.0075332829442887606,0.007622840848398525,0.10789869514276741,A,True
5,21,Bronchitis,B,local,0.035774601417794136,,1.0,E,False
5,21,Bronchitis,B,back_20,0.008073989443864008,,1.0,A,False
5,21,Bronchitis,B,local_clamped,0.008093554724259358,0.008073989443864008,0.1446275083208538,E,False
5,21,HIV (initial infection),E,local,0.046470551735445106,,1.0,E,True
5,21,HIV (initial infection),E,back_20,0.014644397911615746,,1.0,A,False
5,21,HIV (initial infection),E,local_clamped,0.014547088918692592,0.014644397911615746,0.18282630132100924,E,True
5,21,Scombroid food poisoning,B,local,0.041525517550691685,,1.0,C,False
5,21,Scombroid food poisoning,B,back_20,0.013308446033301486,,1.0,B,True
5,21,Scombroid food poisoning,B,local_clamped,0.013597300269101312,0.013308446033301486,0.18282630132100924,B,True
5,21,Pancreatic neoplasm,D,local,0.044813610707191934,,1.0,D,True
5,21,Pancreatic neoplasm,D,back_20,0.012433327953546765,,1.0,D,True
5,21,Pancreatic neoplasm,D,local_clamped,0.01241014284266202,0.012433327953546765,0.17242162389375282,D,True
5,21,Inguinal hernia,C,local,0.04595630839576449,,1.0,C,True
5,21,Inguinal hernia,C,back_20,0.011245490879242233,,1.0,E,False
5,21,Inguinal hernia,C,local_clamped,0.011384711337724094,0.011245490879242233,0.13053252983707558,C,True
5,21,HIV (initial infection),D,local,0.04361627931503244,,1.0,D,True
5,21,HIV (initial infection),D,back_20,0.015406195061688319,,1.0,D,True
5,21,HIV (initial infection),D,local_clamped,0.01548591102289941,0.015406195061688319,0.23111410023442172,D,True
5,21,PSVT,A,local,0.03528194772344955,,1.0,D,False
5,21,PSVT,A,back_20,0.0071487429808038145,,1.0,A,True
5,21,PSVT,A,local_clamped,0.007097915567021961,0.0071487429808038145,0.10175816115137408,D,False
5,21,HIV (initial infection),D,local,0.04301223674321388,,1.0,D,True
5,21,HIV (initial infection),D,back_20,0.013352348108920638,,1.0,D,True
5,21,HIV (initial infection),D,local_clamped,0.013281228852878134,0.013352348108920638,0.20256799166137712,D,True
5,28,Myocarditis,D,local,0.0423048702978271,,1.0,D,True
5,28,Myocarditis,D,back_20,0.007965251460124145,,1.0,B,False
5,28,Myocarditis,D,local_clamped,0.007935703476462564,0.007965251460124145,0.061840108201726356,A,False
5,28,GERD,C,local,0.039688288665054826,,1.0,C,True
5,28,GERD,C,back_20,0.008161248588945057,,1.0,B,False
5,28,GERD,C,local_clamped,0.008199048151940164,0.008161248588945057,0.10175816115137408,B,False
5,28,Inguinal hernia,C,local,0.04748070865214684,,1.0,C,True
5,28,Inguinal hernia,C,back_20,0.009323730625332403,,1.0,A,False
5,28,Inguinal hernia,C,local_clamped,0.009250129185733317,0.009323730625332403,0.10175816115137408,A,False
5,28,GERD,E,local,0.03729680392882018,,1.0,E,True
5,28,GERD,E,back_20,0.00714784624334137,,1.0,E,True
5,28,GERD,E,local_clamped,0.0070187561760286276,0.00714784624334137,0.13245870069633822,E,True
5,28,Stable angina,C,local,0.0355190325270435,,1.0,C,True
5,28,Stable angina,C,back_20,0.007426456888428572,,1.0,A,False
5,28,Stable angina,C,local_clamped,0.007444134250405488,0.007426456888428572,0.1363967310184996,E,False
5,28,Scombroid food poisoning,D,local,0.03482239586550335,,1.0,D,True
5,28,Scombroid food poisoning,D,back_20,0.00801738424196571,,1.0,D,True
5,28,Scombroid food poisoning,D,local_clamped,0.008106776088771495,0.00801738424196571,0.13245870069633822,D,True
5,28,Anemia,D,local,0.04660755422925177,,1.0,D,True
5,28,Anemia,D,back_20,0.012275060036676432,,1.0,D,True
5,28,Anemia,D,local_clamped,0.012332554385547567,0.012275060036676432,0.11781120717275206,D,True
5,28,Acute dystonic reactions,D,local,0.0350684642700283,,1.0,D,True
5,28,Acute dystonic reactions,D,back_20,0.007671550069325844,,1.0,A,False
5,28,Acute dystonic reactions,D,local_clamped,0.007627949483940987,0.007671550069325844,0.0759162135601666,A,False
5,35,Acute pulmonary edema,E,local,0.036316420666318634,,1.0,A,False
5,35,Acute pulmonary edema,E,back_20,0.008509428255736019,,1.0,A,False
5,35,Acute pulmonary edema,E,local_clamped,0.00845566588352702,0.008509428255736019,0.1363967310184996,A,False
5,35,Anemia,A,local,0.038053470414556305,,1.0,B,False
5,35,Anemia,A,back_20,0.010169684014054483,,1.0,E,False
5,35,Anemia,A,local_clamped,0.010058231729488516,0.010169684014054483,0.1213137638466268,A,True
5,35,Viral pharyngitis,C,local,0.045617489449475634,,1.0,A,False
5,35,Viral pharyngitis,C,back_20,0.010156069447739198,,1.0,A,False
5,35,Viral pharyngitis,C,local_clamped,0.010084906708875446,0.010156069447739198,0.09596708604499847,A,False
5,35,Anemia,C,local,0.04273491022846165,,1.0,C,True
5,35,Anemia,C,back_20,0.011803942572599683,,1.0,C,True
5,35,Anemia,C,local_clamped,0.011876610312576098,0.011803942572599683,0.1446275083208538,C,True
5,35,Bronchiectasis,E,local,0.038054053052531255,,1.0,E,True
5,35,Bronchiectasis,E,back_20,0.009514455785568648,,1.0,A,False
5,35,Bronchiectasis,E,local_clamped,0.009565796361940429,0.009514455785568648,0.1213137638466268,A,False
5,35,Pneumonia,B,local,0.04744863664420363,,1.0,B,True
5,35,Pneumonia,B,back_20,0.011146764991400935,,1.0,D,False
5,35,Pneumonia,B,local_clamped,0.01097092006723588,0.011146764991400935,0.1446275083208538,D,False
5,35,Panic attack,B,local,0.04458354184370794,,1.0,B,True
5,35,Panic attack,B,back_20,0.01109841120609144,,1.0,B,True
5,35,Panic attack,B,local_clamped,0.010450211291206855,0.01109841120609144,0.13245870069633822,B,True
5,35,Viral pharyngitis,E,local,0.03531998672680548,,1.0,E,True
5,35,Viral pharyngitis,E,back_20,0.007968899491034607,,1.0,C,False
5,35,Viral pharyngitis,E,local_clamped,0.007834359832926187,0.007968899491034607,0.11954965899341273,A,False
5,42,Influenza,A,local,0.04029558237970172,,1.0,E,False
5,42,Influenza,A,back_20,0.008158006703283862,,1.0,E,False
5,42,Influenza,A,local_clamped,0.007989686508008428,0.008158006703283862,0.10478345674943497,E,False
5,42,Guillain-Barré syndrome,D,local,0.030125173093719638,,1.0,D,True
5,42,Guillain-Barré syndrome,D,back_20,0.00865044025876477,,1.0,A,False
5,42,Guillain-Barré syndrome,D,local_clamped,0.008694702165173741,0.00865044025876477,0.1213137638466268,D,True
5,42,Bronchospasm / acute asthma exacerbation,A,local,0.030108041575665025,,1.0,A,True
5,42,Bronchospasm / acute asthma exacerbation,A,back_20,0.007266887344835343,,1.0,A,True
5,42,Bronchospasm / acute asthma exacerbation,A,local_clamped,0.007264540411103921,0.007266887344835343,0.1363967310184996,A,True
5,42,Acute pulmonary edema,E,local,0.03590007652687743,,1.0,A,False
5,42,Acute pulmonary edema,E,back_20,0.008016996342766706,,1.0,A,False
5,42,Acute pulmonary edema,E,local_clamped,0.008243827639474777,0.008016996342766706,0.13441329461752805,A,False
5,42,Guillain-Barré syndrome,B,local,0.03248086287457113,,1.0,B,True
5,42,Guillain-Barré syndrome,B,back_20,0.007748159629742019,,1.0,C,False
5,42,Guillain-Barré syndrome,B,local_clamped,0.00761782849701389,0.007748159629742019,0.0759162135601666,C,False
5,42,Spontaneous rib fracture,C,local,0.03475841482535819,,1.0,E,False
5,42,Spontaneous rib fracture,C,back_20,0.006074731293225969,,1.0,E,False
5,42,Spontaneous rib fracture,C,local_clamped,0.006013944122282137,0.006074731293225969,0.11440977590183832,B,False
5,42,Chronic rhinosinusitis,C,local,0.037806797484603374,,1.0,C,True
5,42,Chronic rhinosinusitis,C,back_20,0.008437815308875133,,1.0,A,False
5,42,Chronic rhinosinusitis,C,local_clamped,0.008456831152495214,0.008437815308875133,0.11609803534668281,E,False
5,42,Viral pharyngitis,A,local,0.037245612573196925,,1.0,A,True
5,42,Viral pharyngitis,A,back_20,0.005516657282919488,,1.0,E,False
5,42,Viral pharyngitis,A,local_clamped,0.005591200912018586,0.005516657282919488,0.10175816115137408,E,False
