probe,arm,mean_shared_options,n_context,ctx_tokens,context_fill,pathology,gold,pred,correct,parsed,mean_entropy,response
0,disjoint,0.0,8,3157,0.7708,Viral pharyngitis,E,D,False,True,0.39845967828846085,"D) URTI

Given the symptoms of nasal congestion, a clear runny nose, a cough, and the recent contact with someone with similar symptoms,"
0,random,1.5,8,2990,0.73,Viral pharyngitis,E,D,False,True,0.23693499926594086,D
0,near_dup,4.0,8,3349,0.8176,Viral pharyngitis,E,D,False,True,0.23623837721243035,D
1,disjoint,0.0,8,3130,0.7642,Croup,A,A,True,True,0.22310058500326946,A
1,random,0.875,8,2899,0.7078,Croup,A,A,True,True,0.1837888938987362,A
1,near_dup,3.375,8,2938,0.7173,Croup,A,A,True,True,0.10060969428286626,A) Croup
2,disjoint,0.0,8,2858,0.6978,Tuberculosis,B,B,True,True,0.0005974210899353238,B
2,random,1.25,8,2773,0.677,Tuberculosis,B,B,True,True,0.0006641386153205531,B
2,near_dup,3.5,8,2320,0.5664,Tuberculosis,B,B,True,True,0.004187439495581202,B
4,disjoint,0.0,8,3154,0.77,Anaphylaxis,B,B,True,True,0.07812403933538192,B
4,random,0.625,8,3037,0.7415,Anaphylaxis,B,B,True,True,0.00124160263069939,B
4,near_dup,3.0,8,3754,0.9165,Anaphylaxis,B,B,True,True,0.007512071340578075,B
5,disjoint,0.0,8,3082,0.7524,Acute COPD exacerbation / infection,C,C,True,True,0.012072306882359385,C
5,random,1.375,8,2854,0.6968,Acute COPD exacerbation / infection,C,C,True,True,0.013467503272771353,C
5,near_dup,4.0,8,3106,0.7583,Acute COPD exacerbation / infection,C,C,True,True,0.17194820197017435,C
6,disjoint,0.0,8,3118,0.7612,GERD,E,E,True,True,0.016021940581502747,E
6,random,0.875,8,3275,0.7996,GERD,E,E,True,True,0.03838934873650146,E
6,near_dup,3.0,8,2722,0.6646,GERD,E,E,True,True,0.00927291734751634,E
7,disjoint,0.0,8,2993,0.7307,HIV (initial infection),A,A,True,True,0.04373589944634659,A) HIV (initial infection)
7,random,0.25,8,3032,0.7402,HIV (initial infection),A,A,True,True,0.03481072946215136,A) HIV (initial infection)
7,near_dup,3.625,8,3223,0.7869,HIV (initial infection),A,A,True,True,0.3374718285982041,A
8,disjoint,0.0,8,3227,0.7878,Unstable angina,C,D,False,True,0.18423681313674933,D
8,random,1.25,8,3190,0.7788,Unstable angina,C,D,False,True,0.06375662586651742,D
8,near_dup,4.0,8,3362,0.8208,Unstable angina,C,D,False,True,0.0029342182679101825,D
9,disjoint,0.0,8,2634,0.6431,Scombroid food poisoning,B,B,True,True,0.0007621309609220361,B
9,random,1.375,8,2931,0.7156,Scombroid food poisoning,B,B,True,True,0.0006313111820190898,B
9,near_dup,3.125,8,2911,0.7107,Scombroid food poisoning,B,B,True,True,0.004656424476365828,B
10,disjoint,0.0,8,3179,0.7761,Atrial fibrillation,A,A,True,True,0.12156526249600574,A
10,random,1.5,8,3075,0.7507,Atrial fibrillation,A,A,True,True,0.16723044961690903,A
10,near_dup,4.0,8,2741,0.6692,Atrial fibrillation,A,A,True,True,0.03262727148830891,A
12,disjoint,0.0,8,3347,0.8171,Pulmonary embolism,C,C,True,True,0.029036922795967257,C
12,random,0.5,8,3225,0.7874,Pulmonary embolism,C,C,True,True,0.03495820646770653,C
12,near_dup,3.125,8,2899,0.7078,Pulmonary embolism,C,C,True,True,0.0035778052835127028,C
13,disjoint,0.0,8,3426,0.8364,Influenza,E,A,False,True,0.24451340112817851,A) URTI
13,random,0.5,8,3520,0.8594,Influenza,E,E,True,True,0.193160742521286,E
13,near_dup,4.0,8,2853,0.6965,Influenza,E,B,False,True,0.0016539754578843713,B
15,disjoint,0.0,8,3267,0.7976,Allergic sinusitis,C,B,False,True,0.008282081325887702,B
15,random,1.5,8,2483,0.6062,Allergic sinusitis,C,C,True,True,0.24673544615507126,C
15,near_dup,4.0,8,2998,0.7319,Allergic sinusitis,C,B,False,True,0.16111722276400542,B
16,disjoint,0.0,8,2982,0.728,Bronchospasm / acute asthma exacerbation,E,E,True,True,0.00037583203084068373,E
16,random,0.375,8,3134,0.7651,Bronchospasm / acute asthma exacerbation,E,E,True,True,0.0012104746128898114,E
16,near_dup,4.0,8,2409,0.5881,Bronchospasm / acute asthma exacerbation,E,E,True,True,0.003199450228940748,E
17,disjoint,0.0,8,3480,0.8496,Panic attack,A,A,True,True,0.2790855699131498,A
17,random,0.625,8,3316,0.8096,Panic attack,A,A,True,True,0.14227885859174877,A) Panic attack
17,near_dup,4.0,8,3673,0.8967,Panic attack,A,A,True,True,0.32118573641184867,A
18,disjoint,0.0,8,2928,0.7148,Pulmonary neoplasm,A,A,True,True,0.08861885672882863,A) Pulmonary neoplasm
18,random,1.0,8,2937,0.717,Pulmonary neoplasm,A,A,True,True,0.03403030550516917,A) Pulmonary neoplasm
18,near_dup,3.125,8,3277,0.8,Pulmonary neoplasm,A,A,True,True,0.3517804268492313,A
19,disjoint,0.0,8,2981,0.7278,Epiglottitis,A,D,False,True,0.023192132295662304,D
19,random,0.375,8,3146,0.7681,Epiglottitis,A,D,False,True,0.006617220409680158,D
19,near_dup,3.0,8,2575,0.6287,Epiglottitis,A,E,False,True,0.7057958543300629,E
20,disjoint,0.0,8,3472,0.8477,Pulmonary embolism,D,D,True,True,0.017013604929161374,D
20,random,0.5,8,3199,0.781,Pulmonary embolism,D,D,True,True,0.006505803512482089,D
20,near_dup,4.0,8,3213,0.7844,Pulmonary embolism,D,D,True,True,0.016214629271416925,D
21,disjoint,0.0,8,3394,0.8286,URTI,D,D,True,True,0.34090836718678474,D
21,random,0.75,8,3285,0.802,URTI,D,D,True,True,0.26456215446049214,D
21,near_dup,3.625,8,3222,0.7866,URTI,D,D,True,True,0.10827084195534553,D
22,disjoint,0.0,8,2946,0.7192,Unstable angina,E,A,False,True,0.2894959207624197,A
22,random,0.25,8,2964,0.7236,Unstable angina,E,A,False,True,0.15102356113493443,A
22,near_dup,4.0,8,3360,0.8203,Unstable angina,E,A,False,True,0.07344387290878558,A) Possible NSTEMI / STEMI
23,disjoint,0.0,8,3111,0.7595,Acute otitis media,D,B,False,True,0.17551589757204056,B
23,random,0.625,8,2952,0.7207,Acute otitis media,D,D,True,True,0.022064117321860977,D
23,near_dup,4.0,8,2640,0.6445,Acute otitis media,D,B,False,True,0.06624078175991599,B
24,disjoint,0.0,8,3849,0.9397,Pneumonia,D,D,True,True,0.2178448245394975,D
24,random,1.125,8,3337,0.8147,Pneumonia,D,D,True,True,0.027881836926098913,D
24,near_dup,4.0,8,2545,0.6213,Pneumonia,D,D,True,True,0.2501700036227703,D
25,disjoint,0.0,8,2844,0.6943,Epiglottitis,B,E,False,True,0.028585044434294105,E
25,random,1.125,8,3142,0.7671,Epiglottitis,B,E,False,True,0.516414538025856,E
25,near_dup,3.625,8,2450,0.5981,Epiglottitis,B,E,False,True,0.2740771076237465,"Given the symptoms and history provided, the most likely diagnosis is:

E) Acute laryngitis

The sharp, knife-stroke pain that improves when"
26,disjoint,0.0,8,2972,0.7256,Viral pharyngitis,B,B,True,True,0.1387533489614725,B
26,random,1.0,8,3040,0.7422,Viral pharyngitis,B,C,False,True,0.2620823802826635,C
26,near_dup,3.0,8,2924,0.7139,Viral pharyngitis,B,C,False,True,0.25898008793592453,C
27,disjoint,0.0,8,2763,0.6746,Myocarditis,E,E,True,True,0.3338088517550968,"Given the symptoms and history provided, the most likely diagnosis is:

E) Myocarditis

The symptoms of chest pain, shortness of breath, and the"
27,random,1.125,8,2982,0.728,Myocarditis,E,E,True,True,0.013892070623114705,E
27,near_dup,3.25,8,3122,0.7622,Myocarditis,E,E,True,True,0.009072900749742985,E
28,disjoint,0.0,8,3156,0.7705,Pulmonary embolism,E,E,True,True,0.30851702205836773,E
28,random,0.375,8,3173,0.7747,Pulmonary embolism,E,E,True,True,0.0038719156800652854,E
28,near_dup,4.0,8,3402,0.8306,Pulmonary embolism,E,E,True,True,0.0038393411678043776,E
29,disjoint,0.0,8,3359,0.8201,Pneumonia,B,B,True,True,0.29716454225126654,B
29,random,0.875,8,3034,0.7407,Pneumonia,B,B,True,True,0.09229265013709664,B
29,near_dup,3.625,8,2749,0.6711,Pneumonia,B,B,True,True,0.005143001675605774,B
30,disjoint,0.0,8,3121,0.762,Influenza,A,A,True,True,0.0844485381861497,A) Influenza
30,random,0.625,8,3047,0.7439,Influenza,A,A,True,True,0.1504258433929603,A) Influenza
30,near_dup,4.0,8,2850,0.6958,Influenza,A,B,False,True,0.0007082188203639816,B
31,disjoint,0.0,8,3190,0.7788,Acute COPD exacerbation / infection,C,C,True,True,0.025981930359463945,C
31,random,0.5,8,2824,0.6895,Acute COPD exacerbation / infection,C,C,True,True,0.006995892414295213,C
31,near_dup,4.0,8,3392,0.8281,Acute COPD exacerbation / infection,C,C,True,True,0.04110841593344361,C
32,disjoint,0.0,8,3026,0.7388,URTI,C,C,True,True,0.31611420123954304,C
32,random,0.375,8,3015,0.7361,URTI,C,B,False,True,0.3014425542205572,B
32,near_dup,4.0,8,3915,0.9558,URTI,C,C,True,True,0.21220427703402342,C) URTI
33,disjoint,0.0,8,3245,0.7922,Anemia,C,C,True,True,0.035376604523136734,C
33,random,0.125,8,3300,0.8057,Anemia,C,C,True,True,0.017780504454577795,C
33,near_dup,4.0,8,3934,0.9604,Anemia,C,C,True,True,0.34791436086698013,C
34,disjoint,0.0,8,2841,0.6936,Anemia,C,C,True,True,0.0076353889890015125,C
34,random,1.125,8,3121,0.762,Anemia,C,C,True,True,0.008435059193288907,C
34,near_dup,3.75,8,2581,0.6301,Anemia,C,C,True,True,0.0033014822693075985,C
36,disjoint,0.0,8,2517,0.6145,Acute pulmonary edema,D,B,False,True,0.34513456595595926,B
36,random,1.125,8,3397,0.8293,Acute pulmonary edema,D,B,False,True,0.0017420420772396028,B
36,near_dup,4.0,8,3360,0.8203,Acute pulmonary edema,D,D,True,True,0.08898281725123525,D
37,disjoint,0.0,8,2783,0.6794,Acute pulmonary edema,C,A,False,True,0.17619568555403475,A) Pulmonary embolism
37,random,1.25,8,3205,0.7825,Acute pulmonary edema,C,C,True,True,0.03765729067981738,C
37,near_dup,3.0,8,2965,0.7239,Acute pulmonary edema,C,C,True,True,0.07841410617402289,C
38,disjoint,0.0,8,3610,0.8813,Chronic rhinosinusitis,B,D,False,True,0.08604466909309849,D
38,random,1.25,8,2934,0.7163,Chronic rhinosinusitis,B,D,False,True,0.26504832028581404,D
38,near_dup,4.0,8,3070,0.7495,Chronic rhinosinusitis,B,D,False,True,0.026415034277306404,D
39,disjoint,0.0,8,2916,0.7119,URTI,E,E,True,True,0.16257159534409502,E) URTI
39,random,0.375,8,2932,0.7158,URTI,E,E,True,True,0.15879769256327828,E) URTI
39,near_dup,4.0,8,3588,0.876,URTI,E,E,True,True,0.28244937691582095,"E) URTI

Given the symptoms of a sore throat, cough producing colored or more abundant sputum, and exposure to secondhand cigarette smoke,"
40,disjoint,0.0,8,3316,0.8096,Influenza,D,A,False,True,0.23210122855476692,A) URTI
40,random,1.625,8,2855,0.697,Influenza,D,A,False,True,0.31793621415954476,A) URTI
40,near_dup,4.0,8,3256,0.7949,Influenza,D,B,False,True,0.5999651718884706,B
41,disjoint,0.0,8,3036,0.7412,Acute dystonic reactions,C,C,True,True,0.17221506831776878,C
41,random,0.625,8,2702,0.6597,Acute dystonic reactions,C,C,True,True,0.07053693243003067,C
41,near_dup,4.0,8,2419,0.5906,Acute dystonic reactions,C,C,True,True,0.29861219051412036,C
42,disjoint,0.0,8,2779,0.6785,Unstable angina,B,A,False,True,0.061137477537020854,A) Possible NSTEMI / STEMI
42,random,1.0,8,2937,0.717,Unstable angina,B,A,False,True,0.0799862362406202,A) Possible NSTEMI / STEMI
42,near_dup,4.0,8,3632,0.8867,Unstable angina,B,A,False,True,0.02421455653616249,A) Possible NSTEMI / STEMI
43,disjoint,0.0,8,3191,0.7791,Pulmonary embolism,C,C,True,True,0.05906517557281177,C
43,random,1.125,8,3504,0.8555,Pulmonary embolism,C,C,True,True,0.08814159139535604,C
43,near_dup,3.625,8,2659,0.6492,Pulmonary embolism,C,C,True,True,0.011543600331719972,C
44,disjoint,0.0,8,3077,0.7512,Scombroid food poisoning,A,A,True,True,0.08619829494986675,A) Scombroid food poisoning
44,random,1.0,8,2981,0.7278,Scombroid food poisoning,A,A,True,True,0.19597773408062835,A
44,near_dup,3.125,8,2860,0.6982,Scombroid food poisoning,A,A,True,True,0.30993929310907475,A
45,disjoint,0.0,8,3067,0.7488,Chronic rhinosinusitis,B,B,True,True,0.00948685227194801,B
45,random,0.25,8,2912,0.7109,Chronic rhinosinusitis,B,B,True,True,0.010746026323431579,B
45,near_dup,4.0,8,2998,0.7319,Chronic rhinosinusitis,B,B,True,True,0.05088925454765558,B
46,disjoint,0.0,8,3307,0.8074,Myocarditis,C,E,False,True,0.35434114560484886,E
46,random,0.75,8,3451,0.8425,Myocarditis,C,D,False,True,0.0443844873807393,D
46,near_dup,4.0,8,3509,0.8567,Myocarditis,C,C,True,True,0.01718946173787117,C
47,disjoint,0.0,8,3069,0.7493,Possible NSTEMI / STEMI,A,A,True,True,0.010371254374722838,A) Possible NSTEMI / STEMI
47,random,1.25,8,3145,0.7678,Possible NSTEMI / STEMI,A,A,True,True,0.056202229557743524,A) Possible NSTEMI / STEMI
47,near_dup,4.0,8,2945,0.719,Possible NSTEMI / STEMI,A,A,True,True,0.026561126446040362,A) Possible NSTEMI / STEMI
48,disjoint,0.0,8,3086,0.7534,Bronchiectasis,D,B,False,True,0.001100735878921455,B
48,random,0.375,8,3243,0.7917,Bronchiectasis,D,B,False,True,0.0015330195143690162,B
48,near_dup,4.0,8,3921,0.9573,Bronchiectasis,D,B,False,True,0.028858824516646564,B
49,disjoint,0.0,8,3411,0.8328,Anaphylaxis,A,A,True,True,0.3472251340260817,A
49,random,0.125,8,3404,0.8311,Anaphylaxis,A,A,True,True,0.33711517572989935,A
49,near_dup,4.0,8,2592,0.6328,Anaphylaxis,A,A,True,True,0.07145126998559752,A) Anaphylaxis
50,disjoint,0.0,8,2978,0.7271,Pericarditis,D,D,True,True,0.016183718116508317,D
50,random,1.0,8,2938,0.7173,Pericarditis,D,D,True,True,0.014805345924671087,D
50,near_dup,4.0,8,2898,0.7075,Pericarditis,D,D,True,True,0.09532068111002445,D
51,disjoint,0.0,8,2870,0.7007,HIV (initial infection),C,C,True,True,0.023889652506113634,C
51,random,0.875,8,3024,0.7383,HIV (initial infection),C,C,True,True,0.00032255718156193325,C
51,near_dup,4.0,8,3663,0.8943,HIV (initial infection),C,C,True,True,0.07034135622870963,C
52,disjoint,0.0,8,3027,0.739,PSVT,E,C,False,True,0.07001749612390995,C
52,random,0.75,8,3048,0.7441,PSVT,E,E,True,True,0.15009659911475026,"E) PSVT (Paroxysmal Supraventricular Tachycardia)

Given the symptoms of dizziness, lightheadedness"
52,near_dup,4.0,8,2368,0.5781,PSVT,E,C,False,True,0.18636970315128565,C
53,disjoint,0.0,8,3132,0.7646,Bronchospasm / acute asthma exacerbation,C,C,True,True,0.038651936630536454,C
53,random,1.25,8,2630,0.6421,Bronchospasm / acute asthma exacerbation,C,C,True,True,0.024716931028528677,C
53,near_dup,3.5,8,2273,0.5549,Bronchospasm / acute asthma exacerbation,C,C,True,True,0.01796986511304155,C
54,disjoint,0.0,8,2912,0.7109,Chronic rhinosinusitis,A,A,True,True,0.08117234326221023,A) Chronic rhinosinusitis
54,random,0.625,8,3074,0.7505,Chronic rhinosinusitis,A,A,True,True,0.08602422294299572,A) Chronic rhinosinusitis
54,near_dup,4.0,8,2777,0.678,Chronic rhinosinusitis,A,E,False,True,0.6328401565551758,E
55,disjoint,0.0,8,2721,0.6643,URTI,D,A,False,True,0.36805177107453346,A
55,random,0.75,8,2572,0.6279,URTI,D,A,False,True,0.3317592828675515,A
55,near_dup,4.0,8,2950,0.7202,URTI,D,D,True,True,0.3772073984146118,D
56,disjoint,0.0,8,3181,0.7766,Pericarditis,C,E,False,True,0.38337984308600426,E
56,random,1.25,8,3368,0.8223,Pericarditis,C,C,True,True,0.0096585713326931,C
56,near_dup,4.0,8,3151,0.7693,Pericarditis,C,C,True,True,0.005030625408835476,C
57,disjoint,0.0,8,3004,0.7334,Anemia,B,E,False,True,0.0025564762472640723,E
57,random,1.25,8,3525,0.8606,Anemia,B,E,False,True,0.08419648557901382,E
57,near_dup,4.0,8,2748,0.6709,Anemia,B,A,False,True,0.5890358090400696,A
58,disjoint,0.0,8,2725,0.6653,Atrial fibrillation,C,C,True,True,0.02218078641453758,C
58,random,0.375,8,2771,0.6765,Atrial fibrillation,C,C,True,True,0.22311744628677843,C
58,near_dup,4.0,8,2444,0.5967,Atrial fibrillation,C,C,True,True,0.12312045074763703,"C) Atrial fibrillation

Given the patient's history of hyperthyroidism, a known issue with a heart valve, diabetes, being significantly overweight,"
59,disjoint,0.0,8,2989,0.7297,Pulmonary embolism,E,D,False,True,0.23805537074804306,D
59,random,1.0,8,2919,0.7126,Pulmonary embolism,E,E,True,True,0.026529575181598375,E
59,near_dup,4.0,8,3179,0.7761,Pulmonary embolism,E,E,True,True,0.025501572329886812,E
60,disjoint,0.0,8,3352,0.8184,Anemia,A,A,True,True,0.11030746251344681,A
60,random,0.375,8,3308,0.8076,Anemia,A,A,True,True,0.23660856850619894,A
60,near_dup,3.0,8,2531,0.6179,Anemia,A,A,True,True,0.26382547672255896,A
61,disjoint,0.0,8,2882,0.7036,Myasthenia gravis,E,E,True,True,0.01566021257332295,E
61,random,0.875,8,2339,0.571,Myasthenia gravis,E,E,True,True,0.20254879066066422,E
61,near_dup,4.0,8,2582,0.6304,Myasthenia gravis,E,E,True,True,0.1609068279674821,E) Myasthenia gravis
62,disjoint,0.0,8,3322,0.811,URTI,A,A,True,True,0.145941147111742,A) URTI
62,random,1.375,8,3168,0.7734,URTI,A,A,True,True,0.31170020209880533,A) URTI
62,near_dup,4.0,8,3871,0.9451,URTI,A,A,True,True,0.0729177695301928,A) URTI
63,disjoint,0.0,8,2793,0.6819,Inguinal hernia,C,C,True,True,0.03118589013683959,C
63,random,0.75,8,2964,0.7236,Inguinal hernia,C,C,True,True,0.0023731087567284703,C
63,near_dup,3.0,8,3702,0.9038,Inguinal hernia,C,E,False,True,0.5646623224020004,E
64,disjoint,0.0,8,3641,0.8889,Pneumonia,D,A,False,True,0.11749563825342194,A) Tuberculosis
64,random,0.75,8,3493,0.8528,Pneumonia,D,A,False,True,0.5458598732948303,A
64,near_dup,4.0,8,2616,0.6387,Pneumonia,D,D,True,True,0.44323524832725525,D
65,disjoint,0.0,8,3310,0.8081,Myocarditis,C,E,False,True,0.17260076283128,E
65,random,1.5,8,3280,0.8008,Myocarditis,C,E,False,True,0.1296993368305266,E
65,near_dup,4.0,8,2370,0.5786,Myocarditis,C,E,False,True,0.4347202777862549,E
66,disjoint,0.0,8,2782,0.6792,Boerhaave,D,A,False,True,0.1567682690266439,A) Pancreatic neoplasm
66,random,0.5,8,2901,0.7083,Boerhaave,D,D,True,True,0.08602949418127537,D
66,near_dup,3.625,8,3470,0.8472,Boerhaave,D,A,False,True,0.14067994565928327,A) Pancreatic neoplasm
67,disjoint,0.0,8,2901,0.7083,Bronchiectasis,C,B,False,True,0.4850770393386483,B
67,random,0.75,8,2755,0.6726,Bronchiectasis,C,C,True,True,0.4450727025978267,C
67,near_dup,4.0,8,2982,0.728,Bronchiectasis,C,C,True,True,0.007038068259134889,C
68,disjoint,0.0,8,2988,0.7295,Possible NSTEMI / STEMI,E,E,True,True,0.02451514988206327,E
68,random,0.25,8,3015,0.7361,Possible NSTEMI / STEMI,E,E,True,True,0.05464806058444083,E
68,near_dup,4.0,8,3896,0.9512,Possible NSTEMI / STEMI,E,E,True,True,0.01783239535143366,E
69,disjoint,0.0,8,3115,0.7605,Bronchitis,E,E,True,True,0.06530064530670643,E
69,random,1.125,8,3470,0.8472,Bronchitis,E,D,False,True,0.20635059382766485,D
69,near_dup,3.25,8,3939,0.9617,Bronchitis,E,D,False,True,0.3267507702112198,D
70,disjoint,0.0,8,3535,0.863,Pneumonia,A,D,False,True,0.2090365462936461,D
70,random,1.5,8,2963,0.7234,Pneumonia,A,A,True,True,0.07898281530443844,A) Pneumonia
70,near_dup,4.0,8,2381,0.5813,Pneumonia,A,A,True,True,0.07654728750422432,A) Pneumonia
71,disjoint,0.0,8,2901,0.7083,Acute COPD exacerbation / infection,B,B,True,True,0.0014042938491716228,B
71,random,0.25,8,2967,0.7244,Acute COPD exacerbation / infection,B,B,True,True,0.003631816451111547,B
71,near_dup,4.0,8,3091,0.7546,Acute COPD exacerbation / infection,B,B,True,True,0.0008509600836106301,B
72,disjoint,0.0,8,3194,0.7798,GERD,B,B,True,True,0.010800445058407604,B
72,random,0.875,8,3465,0.8459,GERD,B,B,True,True,0.003960015858609722,B
72,near_dup,3.0,8,2663,0.6501,GERD,B,B,True,True,0.000552801568119321,B
73,disjoint,0.0,8,2800,0.6836,Acute pulmonary edema,A,A,True,True,0.03667137762090533,A) Acute pulmonary edema
73,random,0.5,8,3076,0.751,Acute pulmonary edema,A,A,True,True,0.02420626330632558,A) Acute pulmonary edema
73,near_dup,3.375,8,3226,0.7876,Acute pulmonary edema,A,C,False,True,0.0904981829226017,C
75,disjoint,0.0,8,3122,0.7622,Bronchiectasis,C,A,False,True,0.08583965944126248,A
75,random,0.625,8,3498,0.854,Bronchiectasis,C,A,False,True,0.05942020795691602,A) Acute COPD exacerbation / infection
75,near_dup,4.0,8,3243,0.7917,Bronchiectasis,C,D,False,True,0.3552127629518509,D
77,disjoint,0.0,8,3211,0.7839,HIV (initial infection),A,A,True,True,0.06363259993486281,A) HIV (initial infection)
77,random,0.375,8,3359,0.8201,HIV (initial infection),A,A,True,True,0.056894463167964204,A) HIV (initial infection)
77,near_dup,4.0,8,3725,0.9094,HIV (initial infection),A,A,True,True,0.08848235232977686,A) HIV (initial infection)
78,disjoint,0.0,8,2925,0.7141,GERD,D,D,True,True,0.04661145986165138,D
78,random,0.875,8,2673,0.6526,GERD,D,D,True,True,0.03831985451137143,D
78,near_dup,3.0,8,3071,0.7498,GERD,D,D,True,True,0.029982276612216197,D
79,disjoint,0.0,8,3396,0.8291,Bronchospasm / acute asthma exacerbation,E,E,True,True,0.000521315610043871,E
79,random,1.125,8,3694,0.9019,Bronchospasm / acute asthma exacerbation,E,E,True,True,0.0021670251460932377,E
79,near_dup,4.0,8,2326,0.5679,Bronchospasm / acute asthma exacerbation,E,E,True,True,0.0003711212361707794,E
80,disjoint,0.0,8,3230,0.7886,Bronchitis,E,B,False,True,0.017509437292801522,B
80,random,0.75,8,3348,0.8174,Bronchitis,E,B,False,True,0.0008566406750105671,B
80,near_dup,4.0,8,2437,0.595,Bronchitis,E,B,False,True,0.007826625641499163,B
81,disjoint,0.0,8,3206,0.7827,URTI,A,A,True,True,0.20709668045931315,A) URTI
81,random,0.625,8,3285,0.802,URTI,A,A,True,True,0.2841951985729452,A) URTI
81,near_dup,4.0,8,3829,0.9348,URTI,A,A,True,True,0.06995912139912737,A) URTI
82,disjoint,0.0,8,3119,0.7615,Spontaneous rib fracture,D,B,False,True,0.03812549076974392,B
82,random,0.875,8,3286,0.8022,Spontaneous rib fracture,D,C,False,True,0.015425602323375642,C
82,near_dup,3.0,8,2615,0.6384,Spontaneous rib fracture,D,B,False,True,0.6019538254477084,B
83,disjoint,0.0,8,2815,0.6873,Myasthenia gravis,E,E,True,True,0.02259717301001274,E
83,random,0.875,8,3106,0.7583,Myasthenia gravis,E,E,True,True,0.0046131286457580245,E
83,near_dup,4.0,8,2365,0.5774,Myasthenia gravis,E,E,True,True,0.3958218989566964,"E) Myasthenia gravis

The symptoms and history suggest a neuromuscular disorder affecting multiple muscle groups, including difficulty articulating words, speaking"
84,disjoint,0.0,8,2973,0.7258,Atrial fibrillation,C,C,True,True,0.4254991114139557,C
84,random,0.625,8,2849,0.6956,Atrial fibrillation,C,C,True,True,0.4075704663991928,C
84,near_dup,4.0,8,2515,0.614,Atrial fibrillation,C,C,True,True,0.14451565213676076,C
85,disjoint,0.0,8,3242,0.7915,Anaphylaxis,A,A,True,True,0.24971749587334013,A
85,random,0.25,8,3159,0.7712,Anaphylaxis,A,A,True,True,0.24946463587680645,A
85,near_dup,3.0,8,3360,0.8203,Anaphylaxis,A,A,True,True,0.3212436474695326,A
86,disjoint,0.0,8,3284,0.8018,Pulmonary neoplasm,A,A,True,True,0.1719278840458358,A
86,random,0.875,8,3174,0.7749,Pulmonary neoplasm,A,A,True,True,0.2226964878216231,A
86,near_dup,3.0,8,3197,0.7805,Pulmonary neoplasm,A,A,True,True,0.15929333225262,A
87,disjoint,0.0,8,3158,0.771,Sarcoidosis,D,C,False,True,0.2479703980174662,C) Possible NSTEMI / STEMI
87,random,0.875,8,2807,0.6853,Sarcoidosis,D,D,True,True,0.100067637860775,D
87,near_dup,3.125,8,3267,0.7976,Sarcoidosis,D,D,True,True,0.3608143478631973,D
88,disjoint,0.0,8,3378,0.8247,Anaphylaxis,C,C,True,True,0.05016069783968646,C
88,random,0.5,8,3202,0.7817,Anaphylaxis,C,C,True,True,0.010054757139549508,C
88,near_dup,3.0,8,3211,0.7839,Anaphylaxis,C,C,True,True,0.028516221993740487,C
89,disjoint,0.0,8,2965,0.7239,Panic attack,A,A,True,True,0.35891059041023254,A
89,random,1.0,8,3101,0.7571,Panic attack,A,A,True,True,0.40986814349889755,A
89,near_dup,4.0,8,3477,0.8489,Panic attack,A,A,True,True,0.30341481974474505,A
90,disjoint,0.0,8,3182,0.7769,Tuberculosis,E,B,False,True,0.1468834402039647,B
90,random,0.875,8,2951,0.7205,Tuberculosis,E,E,True,True,0.0016625432763248682,E
90,near_dup,4.0,8,3407,0.8318,Tuberculosis,E,B,False,True,0.10796228982508183,B
91,disjoint,0.0,8,2821,0.6887,Allergic sinusitis,E,E,True,True,0.00034047268800918573,E
91,random,1.25,8,2853,0.6965,Allergic sinusitis,E,E,True,True,0.000479638615299649,E
91,near_dup,4.0,8,3115,0.7605,Allergic sinusitis,E,E,True,True,0.0004098708816933083,E
92,disjoint,0.0,8,2920,0.7129,Myasthenia gravis,E,D,False,True,0.006468065665103495,D
92,random,0.5,8,2977,0.7268,Myasthenia gravis,E,D,False,True,0.3182724651414901,D
92,near_dup,4.0,8,2499,0.6101,Myasthenia gravis,E,E,True,True,0.17587875883327797,E
93,disjoint,0.0,8,3027,0.739,Acute dystonic reactions,B,B,True,True,0.00485225473714479,B
93,random,1.5,8,2888,0.7051,Acute dystonic reactions,B,B,True,True,0.0005071722880529705,B
93,near_dup,4.0,8,2373,0.5793,Acute dystonic reactions,B,B,True,True,0.0054865761112523614,B
94,disjoint,0.0,8,2730,0.6665,Unstable angina,D,A,False,True,0.2613944762852043,A
94,random,0.25,8,2753,0.6721,Unstable angina,D,A,False,True,0.32876227592350915,A
94,near_dup,4.0,8,3943,0.9626,Unstable angina,D,A,False,True,0.1526541082564165,A) Possible NSTEMI / STEMI
95,disjoint,0.0,8,3129,0.7639,URTI,B,B,True,True,0.008467320537874912,B
95,random,0.75,8,2896,0.707,URTI,B,B,True,True,0.011136449293360329,B
95,near_dup,4.0,8,3556,0.8682,URTI,B,B,True,True,0.03399215957730917,B
96,disjoint,0.0,8,2804,0.6846,Anaphylaxis,A,B,False,True,0.3174961544573307,B
96,random,0.75,8,2578,0.6294,Anaphylaxis,A,A,True,True,0.11807129830070348,A) Anaphylaxis
96,near_dup,4.0,8,3514,0.8579,Anaphylaxis,A,E,False,True,0.23886387111091656,"Given the symptoms and history provided, the most likely diagnosis is:

E) GERD

The presence of a high-pitched sound when breathing in (stridor"
97,disjoint,0.0,8,3303,0.8064,Acute rhinosinusitis,A,A,True,True,0.34907128891447314,A
97,random,0.25,8,3463,0.8455,Acute rhinosinusitis,A,A,True,True,0.07861592864592934,A) Acute rhinosinusitis
97,near_dup,4.0,8,2898,0.7075,Acute rhinosinusitis,A,A,True,True,0.011796330813518175,A) Acute rhinosinusitis
98,disjoint,0.0,8,2906,0.7095,GERD,B,B,True,True,0.06449855799291981,B
98,random,0.875,8,3139,0.7664,GERD,B,B,True,True,0.006854519591797725,B
98,near_dup,3.0,8,3611,0.8816,GERD,B,B,True,True,0.055178631795570254,B
99,disjoint,0.0,8,3109,0.759,Stable angina,B,D,False,True,0.059928419743300765,D
99,random,1.125,8,3012,0.7354,Stable angina,B,D,False,True,0.012041813553423708,D
99,near_dup,4.0,8,3080,0.752,Stable angina,B,D,False,True,0.012083319765224587,D
100,disjoint,0.0,8,3016,0.7363,Pulmonary embolism,B,B,True,True,0.001605069250217639,B
100,random,1.5,8,3058,0.7466,Pulmonary embolism,B,B,True,True,0.0011482192785479128,B
100,near_dup,4.0,8,3334,0.814,Pulmonary embolism,B,B,True,True,0.02135016885040386,B
101,disjoint,0.0,8,2983,0.7283,Anemia,E,E,True,True,0.01325003313831985,E
101,random,1.25,8,2846,0.6948,Anemia,E,C,False,True,0.04205106571316719,C
101,near_dup,4.0,8,3322,0.811,Anemia,E,E,True,True,0.029603853053231433,E
102,disjoint,0.0,8,3056,0.7461,Bronchitis,D,D,True,True,0.06667461653705686,D
102,random,1.125,8,3290,0.8032,Bronchitis,D,D,True,True,0.007209351766505279,D
102,near_dup,4.0,8,2788,0.6807,Bronchitis,D,E,False,True,0.4311562123707391,"E) URTI

Given the symptoms and history, the patient's presentation suggests an Upper Respiratory Tract Infection (URTI). The presence of"
103,disjoint,0.0,8,3004,0.7334,Anemia,C,C,True,True,0.0009271084741726554,C
103,random,0.375,8,3151,0.7693,Anemia,C,C,True,True,0.0017545975618560306,C
103,near_dup,4.0,8,2382,0.5815,Anemia,C,C,True,True,0.004125772583620346,C
104,disjoint,0.0,8,3158,0.771,Atrial fibrillation,E,D,False,True,0.04464949481189251,D
104,random,1.125,8,3333,0.8137,Atrial fibrillation,E,D,False,True,0.02708887355402112,D
104,near_dup,4.0,8,2666,0.6509,Atrial fibrillation,E,D,False,True,0.4166569486260414,D
105,disjoint,0.0,8,3345,0.8167,Epiglottitis,E,E,True,True,0.0376644300490625,E
105,random,0.125,8,3179,0.7761,Epiglottitis,E,E,True,True,0.0133437845414619,E
105,near_dup,3.0,8,2558,0.6245,Epiglottitis,E,A,False,True,0.31965729853973623,"A) Laryngospasm

Given the symptoms of difficulty swallowing, sharp pain in the throat and neck, shortness of breath, and a high-p"
106,disjoint,0.0,8,2969,0.7249,Guillain-Barré syndrome,D,D,True,True,0.0033227257824250955,D
106,random,0.375,8,3200,0.7812,Guillain-Barré syndrome,D,D,True,True,0.0016066604066224954,D
106,near_dup,3.125,8,2925,0.7141,Guillain-Barré syndrome,D,D,True,True,0.004044625572447558,D
107,disjoint,0.0,8,3044,0.7432,HIV (initial infection),C,C,True,True,0.05927198476638296,C
107,random,0.75,8,3134,0.7651,HIV (initial infection),C,C,True,True,0.0054537853706051465,C
107,near_dup,4.0,8,3691,0.9011,HIV (initial infection),C,C,True,True,0.06465003985795192,C
108,disjoint,0.0,8,2856,0.6973,Anemia,A,A,True,True,0.1261239203340665,A
108,random,0.625,8,3135,0.7654,Anemia,A,A,True,True,0.10794686221925076,A
108,near_dup,3.25,8,2962,0.7231,Anemia,A,A,True,True,0.09900374129665579,A
109,disjoint,0.0,8,3375,0.824,HIV (initial infection),E,E,True,True,0.0035738176375161856,E
109,random,0.25,8,3286,0.8022,HIV (initial infection),E,E,True,True,0.0016609457561571617,E
109,near_dup,3.125,8,3570,0.8716,HIV (initial infection),E,E,True,True,0.005761054147114919,E
110,disjoint,0.0,8,2661,0.6497,Bronchitis,B,B,True,True,0.000984546757536009,B
110,random,0.875,8,2869,0.7004,Bronchitis,B,B,True,True,0.06530451349681243,B
110,near_dup,4.0,8,2983,0.7283,Bronchitis,B,E,False,True,0.2305168118327856,E
111,disjoint,0.0,8,3360,0.8203,Chronic rhinosinusitis,C,B,False,True,0.024009905651610097,B
111,random,0.5,8,3563,0.8699,Chronic rhinosinusitis,C,B,False,True,0.35407478889101185,B
111,near_dup,4.0,8,3081,0.7522,Chronic rhinosinusitis,C,B,False,True,0.041300501308342064,B
112,disjoint,0.0,8,3315,0.8093,Pulmonary embolism,C,C,True,True,0.026359191706433194,C
112,random,1.25,8,3382,0.8257,Pulmonary embolism,C,C,True,True,0.012611534969437344,C
112,near_dup,4.0,8,3702,0.9038,Pulmonary embolism,C,C,True,True,0.21018692140569328,C
113,disjoint,0.0,8,3261,0.7961,Anemia,C,C,True,True,0.003935933390138757,C
113,random,0.375,8,3216,0.7852,Anemia,C,C,True,True,0.0010717432262481452,C
113,near_dup,4.0,8,2390,0.5835,Anemia,C,D,False,True,0.19017083570361137,D
114,disjoint,0.0,8,3403,0.8308,URTI,A,A,True,True,0.23511956451520177,A) URTI
114,random,0.375,8,3220,0.7861,URTI,A,A,True,True,0.3427948653561958,"A) URTI

Given the symptoms of increased sweating, headache, sore throat, diffuse muscle pain, nasal congestion, and cough, these are consistent with"
114,near_dup,4.0,8,3887,0.949,URTI,A,A,True,True,0.18197258953008108,A) URTI
115,disjoint,0.0,8,2813,0.6868,Scombroid food poisoning,D,D,True,True,0.0013624019193230197,D
115,random,0.5,8,3102,0.7573,Scombroid food poisoning,D,D,True,True,0.001104095277696615,D
115,near_dup,4.0,8,3844,0.9385,Scombroid food poisoning,D,D,True,True,0.1706383574346546,D
117,disjoint,0.0,8,2886,0.7046,Panic attack,D,D,True,True,0.018836110597440836,D
117,random,0.5,8,2877,0.7024,Panic attack,D,D,True,True,0.020988151052620196,D
117,near_dup,3.125,8,2856,0.6973,Panic attack,D,D,True,True,0.009154064883801993,D
118,disjoint,0.0,8,3278,0.8003,Bronchospasm / acute asthma exacerbation,E,E,True,True,0.011785702293934719,E
118,random,0.75,8,3313,0.8088,Bronchospasm / acute asthma exacerbation,E,E,True,True,0.045043177115218214,E
118,near_dup,3.5,8,2459,0.6003,Bronchospasm / acute asthma exacerbation,E,E,True,True,0.028149625130993172,E
119,disjoint,0.0,8,2844,0.6943,Anemia,C,C,True,True,0.0375641173322947,C
119,random,1.0,8,2835,0.6921,Anemia,C,C,True,True,0.060244573895943176,C
119,near_dup,3.625,8,3259,0.7957,Anemia,C,C,True,True,0.011127417783654892,C
121,disjoint,0.0,8,3114,0.7603,Acute otitis media,B,C,False,True,0.18833582619481604,C
121,random,1.375,8,3152,0.7695,Acute otitis media,B,C,False,True,0.24955768310519488,C
121,near_dup,4.0,8,2904,0.709,Acute otitis media,B,C,False,True,0.2876813691109419,C
122,disjoint,0.0,8,3007,0.7341,Localized edema,A,E,False,True,0.4348245025612414,E
122,random,0.75,8,3379,0.825,Localized edema,A,A,True,True,0.7471480965614319,A
122,near_dup,3.125,8,3579,0.8738,Localized edema,A,A,True,True,0.13469328210265172,A) Localized edema
123,disjoint,0.0,8,3495,0.8533,Pneumonia,E,E,True,True,0.06877314299345016,E
123,random,0.125,8,3561,0.8694,Pneumonia,E,E,True,True,0.1353205107152462,E
123,near_dup,4.0,8,2621,0.6399,Pneumonia,E,E,True,True,0.05680898204445839,E
124,disjoint,0.0,8,2709,0.6614,Anemia,C,C,True,True,0.049615738709462676,C
124,random,0.25,8,2791,0.6814,Anemia,C,C,True,True,0.1846698721624307,C
124,near_dup,4.0,8,3654,0.8921,Anemia,C,C,True,True,0.2650327051369459,C
125,disjoint,0.0,8,2890,0.7056,Guillain-Barré syndrome,B,B,True,True,0.0006571484244659587,B
125,random,0.75,8,2852,0.6963,Guillain-Barré syndrome,B,B,True,True,0.00048051103976831655,B
125,near_dup,4.0,8,2704,0.6602,Guillain-Barré syndrome,B,B,True,True,0.0052788493212574394,B
126,disjoint,0.0,8,3333,0.8137,Anemia,E,E,True,True,0.012518257812189404,E
126,random,0.25,8,3368,0.8223,Anemia,E,E,True,True,0.04424491396639496,E
126,near_dup,3.0,8,2827,0.6902,Anemia,E,E,True,True,0.1235857717692852,E
127,disjoint,0.0,8,3056,0.7461,Bronchitis,C,B,False,True,0.0007676702748540265,B
127,random,0.25,8,3009,0.7346,Bronchitis,C,B,False,True,0.00046045573935771245,B
127,near_dup,4.0,8,2514,0.6138,Bronchitis,C,B,False,True,0.0006071308845037038,B
128,disjoint,0.0,8,3492,0.8525,Viral pharyngitis,D,D,True,True,0.10139515064656734,D
128,random,1.25,8,3351,0.8181,Viral pharyngitis,D,E,False,True,0.13119556661695242,E
128,near_dup,4.0,8,3062,0.7476,Viral pharyngitis,D,D,True,True,0.10305817192420363,D
129,disjoint,0.0,8,3321,0.8108,Myasthenia gravis,C,C,True,True,0.021609161807639055,C
129,random,1.125,8,3433,0.8381,Myasthenia gravis,C,C,True,True,0.06688220997766336,C
129,near_dup,4.0,8,2490,0.6079,Myasthenia gravis,C,C,True,True,0.3602005022629555,C
130,disjoint,0.0,8,3011,0.7351,Pneumonia,A,E,False,True,0.20439432344549813,"E) URTI (Upper Respiratory Tract Infection)

Given the symptoms such as coughing up blood, chest pain, fever, chills,"
130,random,1.5,8,3179,0.7761,Pneumonia,A,C,False,True,0.24993151985108852,C
130,near_dup,4.0,8,3053,0.7454,Pneumonia,A,A,True,True,0.24945982006631784,"Given the symptoms and history provided, the most likely diagnosis is:

A) Pneumonia

The presence of coughing up blood, significant chest pain that"
131,disjoint,0.0,8,2942,0.7183,Chagas,C,C,True,True,0.007778191967190651,C
131,random,0.875,8,3094,0.7554,Chagas,C,C,True,True,0.0023024489637464285,C
131,near_dup,3.125,8,2773,0.677,Chagas,C,A,False,True,0.17595583524735048,A) HIV (initial infection)
132,disjoint,0.0,8,3655,0.8923,Anaphylaxis,A,A,True,True,0.035209049471404796,A) Anaphylaxis
132,random,1.0,8,3416,0.834,Anaphylaxis,A,A,True,True,0.35098642413157677,A
132,near_dup,4.0,8,2888,0.7051,Anaphylaxis,A,A,True,True,0.07549045287160132,A) Anaphylaxis
133,disjoint,0.0,8,2897,0.7073,Pulmonary embolism,B,B,True,True,0.0015208343383221745,B
133,random,1.25,8,3282,0.8013,Pulmonary embolism,B,B,True,True,0.004905579185560782,B
133,near_dup,3.75,8,3594,0.8774,Pulmonary embolism,B,B,True,True,0.021481897175021913,B
134,disjoint,0.0,8,3050,0.7446,URTI,E,E,True,True,0.1597780410872316,"E) URTI

Based on the symptoms and history provided, the most likely diagnosis is Upper Respiratory Tract Infection (URTI). The patient"
134,random,0.5,8,3004,0.7334,URTI,E,E,True,True,0.35990363019902105,"E) URTI

The symptoms suggest a Upper Respiratory Tract Infection (URTI), including pain in the face, fever, nasal congestion,"
134,near_dup,3.375,8,3566,0.8706,URTI,E,E,True,True,0.2377492684029221,E
135,disjoint,0.0,8,2860,0.6982,Acute pulmonary edema,E,D,False,True,0.07902288286640272,D) Possible NSTEMI / STEMI
135,random,0.25,8,2825,0.6897,Acute pulmonary edema,E,D,False,True,0.04150205594487488,D
135,near_dup,4.0,8,3867,0.9441,Acute pulmonary edema,E,D,False,True,0.1072409339249134,D
136,disjoint,0.0,8,2664,0.6504,Atrial fibrillation,D,D,True,True,0.3372291282285005,D
136,random,1.25,8,2854,0.6968,Atrial fibrillation,D,D,True,True,0.3316771490499377,D
136,near_dup,4.0,8,2470,0.603,Atrial fibrillation,D,D,True,True,0.18475528806447983,D
137,disjoint,0.0,8,3158,0.771,HIV (initial infection),C,A,False,True,0.1836901439470239,A) Chagas
137,random,0.25,8,3130,0.7642,HIV (initial infection),C,C,True,True,0.19353584200143814,C
137,near_dup,3.375,8,2961,0.7229,HIV (initial infection),C,C,True,True,0.0015752033632452367,C
138,disjoint,0.0,8,3027,0.739,Scombroid food poisoning,A,D,False,True,0.0027330174533517493,D
138,random,0.625,8,2994,0.731,Scombroid food poisoning,A,D,False,True,0.01775690414069686,D
138,near_dup,3.25,8,3334,0.814,Scombroid food poisoning,A,A,True,True,0.06564074458583491,A
139,disjoint,0.0,8,3025,0.7385,Viral pharyngitis,A,D,False,True,0.08130128276510125,D) Acute laryngitis
139,random,0.75,8,3069,0.7493,Viral pharyngitis,A,D,False,True,0.24095844756811857,D
139,near_dup,4.0,8,2436,0.5947,Viral pharyngitis,A,A,True,True,0.0983090015345422,A) Viral pharyngitis
140,disjoint,0.0,8,3118,0.7612,Viral pharyngitis,B,B,True,True,0.24664131249301136,B
140,random,0.25,8,2901,0.7083,Viral pharyngitis,B,B,True,True,0.18659092742018402,B
140,near_dup,4.0,8,2587,0.6316,Viral pharyngitis,B,A,False,True,0.20297879274137406,A) URTI
141,disjoint,0.0,8,3159,0.7712,Atrial fibrillation,E,C,False,True,0.026483609806746244,C
141,random,0.625,8,3279,0.8005,Atrial fibrillation,E,C,False,True,0.06058459682390094,C
141,near_dup,4.0,8,2829,0.6907,Atrial fibrillation,E,E,True,True,0.41381870210170746,E
142,disjoint,0.0,8,2898,0.7075,Pulmonary embolism,C,C,True,True,0.012628292864974355,C
142,random,0.75,8,3050,0.7446,Pulmonary embolism,C,C,True,True,0.02152054945480586,C
142,near_dup,4.0,8,3342,0.8159,Pulmonary embolism,C,C,True,True,0.0714229253026133,C
143,disjoint,0.0,8,3157,0.7708,URTI,D,D,True,True,0.27928918606779074,"D) URTI

Given the symptoms of a sore throat, increased sweating, cough with colored or more abundant sputum, fever, and nasal congestion"
143,random,0.5,8,2880,0.7031,URTI,D,D,True,True,0.28641292563135035,"D) URTI

Given the symptoms of a sore throat, cough with colored or more abundant sputum, fever, and nasal congestion, these are"
143,near_dup,4.0,8,3684,0.8994,URTI,D,D,True,True,0.1434569775927154,D) URTI
144,disjoint,0.0,8,3138,0.7661,Possible NSTEMI / STEMI,A,A,True,True,0.058272675644357716,A) Possible NSTEMI / STEMI
144,random,1.75,8,3194,0.7798,Possible NSTEMI / STEMI,A,A,True,True,0.20958684844936215,A
144,near_dup,3.875,8,3192,0.7793,Possible NSTEMI / STEMI,A,A,True,True,0.18400220488365449,A
145,disjoint,0.0,8,3208,0.7832,Pulmonary neoplasm,A,A,True,True,0.17274566881062015,A
145,random,1.375,8,2704,0.6602,Pulmonary neoplasm,A,A,True,True,0.264929573931596,A
145,near_dup,4.0,8,2026,0.4946,Pulmonary neoplasm,A,A,True,True,0.2755382160316344,A
146,disjoint,0.0,8,3147,0.7683,Viral pharyngitis,E,D,False,True,0.30121688429426285,D
146,random,0.625,8,3215,0.7849,Viral pharyngitis,E,D,False,True,0.07979958958458155,D
146,near_dup,4.0,8,2478,0.605,Viral pharyngitis,E,D,False,True,0.2457929439842701,D
147,disjoint,0.0,8,3295,0.8044,Possible NSTEMI / STEMI,A,A,True,True,0.06096127184303839,A) Possible NSTEMI / STEMI
147,random,0.875,8,3264,0.7969,Possible NSTEMI / STEMI,A,A,True,True,0.07634197019176696,A) Possible NSTEMI / STEMI
147,near_dup,3.125,8,3643,0.8894,Possible NSTEMI / STEMI,A,A,True,True,0.33275555819272995,A
148,disjoint,0.0,8,3008,0.7344,Inguinal hernia,C,C,True,True,0.013184783494580188,C
148,random,0.625,8,3257,0.7952,Inguinal hernia,C,C,True,True,0.016520893259439617,C
148,near_dup,3.0,8,3764,0.9189,Inguinal hernia,C,E,False,True,0.6607688963413239,E
149,disjoint,0.0,8,3387,0.8269,Acute COPD exacerbation / infection,D,D,True,True,0.0062113934888650135,D
149,random,1.0,8,3201,0.7815,Acute COPD exacerbation / infection,D,D,True,True,0.0005028238759301473,D
149,near_dup,4.0,8,2615,0.6384,Acute COPD exacerbation / infection,D,D,True,True,0.0023275039104291295,D
150,disjoint,0.0,8,3200,0.7812,Pneumonia,C,C,True,True,0.24397986009716988,C
150,random,0.625,8,3094,0.7554,Pneumonia,C,C,True,True,0.017187907360494137,C
150,near_dup,4.0,8,2679,0.6541,Pneumonia,C,E,False,True,0.26904428383793455,"Given the symptoms and history provided, the most likely diagnosis is:

E) Pulmonary neoplasm

The presence of a persistent cough, coughing up blood"
151,disjoint,0.0,8,2760,0.6738,Influenza,C,B,False,True,0.2793447279868815,B
151,random,0.25,8,2784,0.6797,Influenza,C,B,False,True,0.1773404061095789,B
151,near_dup,3.0,8,2995,0.7312,Influenza,C,B,False,True,0.2252012775039418,B
152,disjoint,0.0,8,2988,0.7295,Chronic rhinosinusitis,D,A,False,True,0.2646388496117078,A
152,random,1.0,8,2901,0.7083,Chronic rhinosinusitis,D,A,False,True,0.35233680239764453,A
152,near_dup,4.0,8,2921,0.7131,Chronic rhinosinusitis,D,A,False,True,0.059547972792542064,A) Acute rhinosinusitis
153,disjoint,0.0,8,3519,0.8591,Pneumonia,B,C,False,True,0.1301218206062913,C
153,random,1.25,8,2971,0.7253,Pneumonia,B,C,False,True,0.021833981798408786,C
153,near_dup,4.0,8,3033,0.7405,Pneumonia,B,B,True,True,0.3267312292009592,B
154,disjoint,0.0,8,3172,0.7744,Viral pharyngitis,E,C,False,True,0.3169826278463006,C
154,random,0.375,8,3043,0.7429,Viral pharyngitis,E,C,False,True,0.3454854761948809,C
154,near_dup,4.0,8,2273,0.5549,Viral pharyngitis,E,E,True,True,0.015153658692725003,E
155,disjoint,0.0,8,3254,0.7944,GERD,D,D,True,True,0.0021423503853128523,D
155,random,1.0,8,3126,0.7632,GERD,D,D,True,True,0.006792202795487867,D
155,near_dup,3.375,8,3527,0.8611,GERD,D,D,True,True,0.009204842794275692,D
156,disjoint,0.0,8,3131,0.7644,Myasthenia gravis,D,D,True,True,0.06707916548384674,D
156,random,0.375,8,3170,0.7739,Myasthenia gravis,D,D,True,True,0.12816246028160094,D
156,near_dup,3.25,8,2947,0.7195,Myasthenia gravis,D,D,True,True,0.026916088153171813,D
157,disjoint,0.0,8,3193,0.7795,Bronchospasm / acute asthma exacerbation,A,A,True,True,0.04542565718595407,A) Bronchospasm / acute asthma exacerbation
157,random,0.75,8,2879,0.7029,Bronchospasm / acute asthma exacerbation,A,A,True,True,0.006631826445018178,A) Bronchospasm / acute asthma exacerbation
157,near_dup,3.5,8,2443,0.5964,Bronchospasm / acute asthma exacerbation,A,A,True,True,0.02378340355207224,A) Bronchospasm / acute asthma exacerbation
158,disjoint,0.0,8,3080,0.752,Acute rhinosinusitis,B,B,True,True,0.002138831769116223,B
158,random,1.0,8,3236,0.79,Acute rhinosinusitis,B,B,True,True,0.10504562733694911,B
158,near_dup,4.0,8,2740,0.6689,Acute rhinosinusitis,B,B,True,True,0.003133689286187291,B
159,disjoint,0.0,8,2985,0.7288,Bronchiectasis,E,B,False,True,0.0018295936197318952,B
159,random,0.5,8,3232,0.7891,Bronchiectasis,E,B,False,True,0.0004341543148598248,B
159,near_dup,4.0,8,2868,0.7002,Bronchiectasis,E,B,False,True,0.011812570039182901,B
160,disjoint,0.0,8,3362,0.8208,Unstable angina,D,E,False,True,0.016114271245896816,E
160,random,0.875,8,3100,0.7568,Unstable angina,D,D,True,True,0.06347563676536083,D
160,near_dup,4.0,8,3098,0.7563,Unstable angina,D,E,False,True,0.027673623524606228,E
161,disjoint,0.0,8,3358,0.8198,Tuberculosis,B,B,True,True,0.0019394073751755059,B
161,random,0.875,8,3047,0.7439,Tuberculosis,B,B,True,True,0.0022432462428696454,B
161,near_dup,4.0,8,3094,0.7554,Tuberculosis,B,B,True,True,0.045385863864794374,B
162,disjoint,0.0,8,3054,0.7456,Possible NSTEMI / STEMI,E,E,True,True,0.0032516959682880042,E
162,random,0.625,8,3149,0.7688,Possible NSTEMI / STEMI,E,E,True,True,0.0008846099117363337,E
162,near_dup,3.875,8,3468,0.8467,Possible NSTEMI / STEMI,E,E,True,True,0.007542861072579399,E
163,disjoint,0.0,8,3166,0.7729,Viral pharyngitis,B,B,True,True,0.18503117066575214,B
163,random,1.0,8,3046,0.7437,Viral pharyngitis,B,B,True,True,0.004407399518186139,B
163,near_dup,4.0,8,2525,0.6165,Viral pharyngitis,B,A,False,True,0.2811720040408545,A
164,disjoint,0.0,8,2686,0.6558,Myocarditis,A,D,False,True,0.06059890950564295,D
164,random,0.5,8,2863,0.699,Myocarditis,A,D,False,True,0.054032721872090406,D
164,near_dup,4.0,8,2632,0.6426,Myocarditis,A,D,False,True,0.002618512837216258,D
165,disjoint,0.0,8,3464,0.8457,Bronchospasm / acute asthma exacerbation,D,D,True,True,0.04579923005584874,D
165,random,0.75,8,3136,0.7656,Bronchospasm / acute asthma exacerbation,D,D,True,True,0.019923442657612256,D
165,near_dup,3.5,8,2730,0.6665,Bronchospasm / acute asthma exacerbation,D,D,True,True,0.006626311818745734,D
166,disjoint,0.0,8,2840,0.6934,Pulmonary embolism,B,B,True,True,0.03010476106464921,B
166,random,0.875,8,3166,0.7729,Pulmonary embolism,B,B,True,True,0.0022576144547201693,B
166,near_dup,4.0,8,3470,0.8472,Pulmonary embolism,B,B,True,True,0.0027803182620118605,B
168,disjoint,0.0,8,2992,0.7305,URTI,B,B,True,True,0.015514801838435233,B
168,random,0.625,8,2694,0.6577,URTI,B,B,True,True,0.022969858953729272,B
168,near_dup,4.0,8,2994,0.731,URTI,B,B,True,True,0.13796056877585272,B
169,disjoint,0.0,8,2967,0.7244,URTI,D,D,True,True,0.25268223273967294,D) URTI
169,random,0.875,8,3080,0.752,URTI,D,B,False,True,0.23747260123491287,B
169,near_dup,4.0,8,3506,0.856,URTI,D,B,False,True,0.14790143398568034,B
170,disjoint,0.0,8,3358,0.8198,Viral pharyngitis,C,A,False,True,0.19251500174206626,A) URTI
170,random,1.125,8,3276,0.7998,Viral pharyngitis,C,A,False,True,0.18113543138674024,A) URTI
170,near_dup,4.0,8,2407,0.5876,Viral pharyngitis,C,A,False,True,0.11433571808273275,A) URTI
171,disjoint,0.0,8,3019,0.7371,SLE,A,A,True,True,0.28854274796558455,A) SLE
171,random,1.625,8,3166,0.7729,SLE,A,A,True,True,0.43149691820144653,A
171,near_dup,3.25,8,3628,0.8857,SLE,A,E,False,True,0.7135709449648857,E
172,disjoint,0.0,8,2899,0.7078,Acute pulmonary edema,E,A,False,True,0.058233999084296786,A) Possible NSTEMI / STEMI
172,random,0.75,8,3062,0.7476,Acute pulmonary edema,E,A,False,True,0.08608900021914394,A) Possible NSTEMI / STEMI
172,near_dup,4.0,8,2971,0.7253,Acute pulmonary edema,E,A,False,True,0.15972251289833822,A) Possible NSTEMI / STEMI
173,disjoint,0.0,8,3042,0.7427,Bronchospasm / acute asthma exacerbation,B,B,True,True,0.01107928892304244,B
173,random,1.25,8,2891,0.7058,Bronchospasm / acute asthma exacerbation,B,B,True,True,0.1491444915785891,B
173,near_dup,3.25,8,2786,0.6802,Bronchospasm / acute asthma exacerbation,B,B,True,True,0.034657668794444874,B
174,disjoint,0.0,8,3217,0.7854,Myasthenia gravis,D,A,False,True,0.07145063591687834,A) Guillain-Barré syndrome
174,random,0.875,8,3376,0.8242,Myasthenia gravis,D,A,False,True,0.38381607830524445,A
174,near_dup,4.0,8,2442,0.5962,Myasthenia gravis,D,D,True,True,0.0776810292953769,D
175,disjoint,0.0,8,3019,0.7371,Bronchitis,C,B,False,True,0.04423371108714491,B
175,random,1.25,8,2942,0.7183,Bronchitis,C,B,False,True,0.0006141783305793069,B
175,near_dup,3.0,8,2609,0.637,Bronchitis,C,B,False,True,0.015034679439850152,B
176,disjoint,0.0,8,3106,0.7583,Bronchospasm / acute asthma exacerbation,A,A,True,True,0.017530029960065474,A) Bronchospasm / acute asthma exacerbation
176,random,1.375,8,2886,0.7046,Bronchospasm / acute asthma exacerbation,A,A,True,True,0.05271002952091349,A) Bronchospasm / acute asthma exacerbation
176,near_dup,4.0,8,3156,0.7705,Bronchospasm / acute asthma exacerbation,A,A,True,True,0.34355861499472207,A
177,disjoint,0.0,8,3359,0.8201,Anaphylaxis,E,D,False,True,0.024558424258430023,D
177,random,0.375,8,3526,0.8608,Anaphylaxis,E,D,False,True,0.0890278136357665,D
177,near_dup,4.0,8,2558,0.6245,Anaphylaxis,E,E,True,True,0.3219088987370924,E
178,disjoint,0.0,8,2957,0.7219,Viral pharyngitis,A,B,False,True,0.4512616693973541,B
178,random,1.125,8,3402,0.8306,Viral pharyngitis,A,A,True,True,0.11105614567264234,A) Viral pharyngitis
178,near_dup,4.0,8,2509,0.6125,Viral pharyngitis,A,B,False,True,0.3579687446472235,B
179,disjoint,0.0,8,2653,0.6477,Acute laryngitis,C,C,True,True,0.1956080198287964,C
179,random,1.125,8,2861,0.6985,Acute laryngitis,C,C,True,True,0.34003490606846754,C
179,near_dup,4.0,8,2486,0.6069,Acute laryngitis,C,E,False,True,0.16099299955385504,E
180,disjoint,0.0,8,2658,0.6489,Acute COPD exacerbation / infection,D,D,True,True,0.004123061641280401,D
180,random,0.625,8,2769,0.676,Acute COPD exacerbation / infection,D,D,True,True,0.0053643493219368565,D
180,near_dup,4.0,8,3492,0.8525,Acute COPD exacerbation / infection,D,D,True,True,0.03774283312318971,D
181,disjoint,0.0,8,2935,0.7166,Stable angina,C,C,True,True,0.16350585408508778,C
181,random,1.125,8,2931,0.7156,Stable angina,C,C,True,True,0.003637972113210708,C
181,near_dup,4.0,8,2957,0.7219,Stable angina,C,C,True,True,0.06431566271930933,C
182,disjoint,0.0,8,3313,0.8088,SLE,E,D,False,True,0.21528784069940898,"Given the symptoms and history provided, the most likely diagnosis is:

D) Possible NSTEMI / STEMI

The presence of chest pain that radiates to"
182,random,0.875,8,2870,0.7007,SLE,E,D,False,True,1.011784315109253,D
182,near_dup,3.25,8,3039,0.7419,SLE,E,E,True,True,0.44203810103790603,E) SLE
183,disjoint,0.0,8,3095,0.7556,Anaphylaxis,D,D,True,True,0.1181256317986481,D
183,random,1.875,8,3184,0.7773,Anaphylaxis,D,D,True,True,0.049368935600504926,D
183,near_dup,4.0,8,3514,0.8579,Anaphylaxis,D,D,True,True,0.05459029483154154,D
184,disjoint,0.0,8,3326,0.812,Anaphylaxis,E,E,True,True,0.0016202333749362197,E
184,random,0.375,8,3085,0.7532,Anaphylaxis,E,E,True,True,0.0006788993826489786,E
184,near_dup,3.625,8,3631,0.8865,Anaphylaxis,E,E,True,True,0.0022056633822273852,E
185,disjoint,0.0,8,3226,0.7876,Acute laryngitis,B,B,True,True,0.15241696313023567,B
185,random,0.875,8,2963,0.7234,Acute laryngitis,B,B,True,True,0.09929882735013962,B
185,near_dup,4.0,8,2490,0.6079,Acute laryngitis,B,B,True,True,0.5749588012695312,B
186,disjoint,0.0,8,3240,0.791,Viral pharyngitis,D,A,False,True,0.481502965092659,A
186,random,1.125,8,3039,0.7419,Viral pharyngitis,D,D,True,True,0.036241330089978874,D
186,near_dup,4.0,8,2488,0.6074,Viral pharyngitis,D,D,True,True,0.47183680534362793,D
187,disjoint,0.0,8,2941,0.718,Acute pulmonary edema,D,E,False,True,0.0026901274686679244,E
187,random,1.125,8,3284,0.8018,Acute pulmonary edema,D,E,False,True,0.0004999408492949442,E
187,near_dup,4.0,8,3667,0.8953,Acute pulmonary edema,D,D,True,True,0.04755351762287319,D
188,disjoint,0.0,8,3080,0.752,Pancreatic neoplasm,C,C,True,True,0.015485601219751288,C
188,random,0.125,8,2988,0.7295,Pancreatic neoplasm,C,C,True,True,0.005092219147599053,C
188,near_dup,3.5,8,3276,0.7998,Pancreatic neoplasm,C,C,True,True,0.11846321527991677,C
189,disjoint,0.0,8,3284,0.8018,Acute COPD exacerbation / infection,C,C,True,True,0.005257914647913253,C
189,random,0.875,8,2925,0.7141,Acute COPD exacerbation / infection,C,C,True,True,0.004337233422170073,C
189,near_dup,4.0,8,3952,0.9648,Acute COPD exacerbation / infection,C,C,True,True,0.23893577251141096,C
190,disjoint,0.0,8,3188,0.7783,Inguinal hernia,C,C,True,True,0.05448991555022076,C
190,random,0.5,8,3171,0.7742,Inguinal hernia,C,C,True,True,0.021091520842674072,C
190,near_dup,3.0,8,3670,0.896,Inguinal hernia,C,C,True,True,0.599422924220562,C
192,disjoint,0.0,8,3136,0.7656,Stable angina,C,D,False,True,0.2422408361453563,D
192,random,1.25,8,2981,0.7278,Stable angina,C,D,False,True,0.010700972015911248,D
192,near_dup,4.0,8,3222,0.7866,Stable angina,C,D,False,True,0.0029759510543954093,D
193,disjoint,0.0,8,2777,0.678,GERD,B,B,True,True,0.0016312062756469459,B
193,random,1.125,8,3138,0.7661,GERD,B,B,True,True,0.00039597460153117936,B
193,near_dup,3.0,8,3131,0.7644,GERD,B,B,True,True,0.00177635893714978,B
194,disjoint,0.0,8,3187,0.7781,Pulmonary embolism,A,A,True,True,0.3307830558674141,A
194,random,1.375,8,3206,0.7827,Pulmonary embolism,A,A,True,True,0.08940287744617592,A) Pulmonary embolism
194,near_dup,4.0,8,3163,0.7722,Pulmonary embolism,A,A,True,True,0.3473681225636014,A
195,disjoint,0.0,8,2783,0.6794,Anemia,C,C,True,True,0.021375901439228073,C
195,random,0.75,8,3241,0.7913,Anemia,C,C,True,True,0.009831465968773045,C
195,near_dup,3.25,8,3206,0.7827,Anemia,C,C,True,True,0.017562792020271445,C
196,disjoint,0.0,8,3138,0.7661,Acute pulmonary edema,E,B,False,True,0.08210043236613274,B
196,random,0.625,8,3312,0.8086,Acute pulmonary edema,E,E,True,True,0.19874841906130314,E
196,near_dup,4.0,8,2835,0.6921,Acute pulmonary edema,E,E,True,True,0.17114473786205053,E
197,disjoint,0.0,8,2943,0.7185,Anemia,A,B,False,True,0.0037071615224704146,B
197,random,0.875,8,2826,0.6899,Anemia,A,A,True,True,0.3530765003375336,A) Anemia
197,near_dup,3.25,8,3141,0.7668,Anemia,A,B,False,True,0.36557600647211075,B
198,disjoint,0.0,8,2904,0.709,Myasthenia gravis,B,B,True,True,0.005730354916977376,B
198,random,1.125,8,2633,0.6428,Myasthenia gravis,B,B,True,True,0.00047164429054191714,B
198,near_dup,4.0,8,2496,0.6094,Myasthenia gravis,B,B,True,True,0.03362780412953725,B
199,disjoint,0.0,8,2971,0.7253,Pulmonary neoplasm,C,A,False,True,0.41861772537231445,A
199,random,1.5,8,3418,0.8345,Pulmonary neoplasm,C,C,True,True,0.0016858926355780568,C
199,near_dup,3.125,8,3168,0.7734,Pulmonary neoplasm,C,A,False,True,0.15418947364178165,A) Tuberculosis
200,disjoint,0.0,8,3184,0.7773,Acute laryngitis,D,D,True,True,0.006214647211322699,D
200,random,0.75,8,2873,0.7014,Acute laryngitis,D,D,True,True,0.0005603966269518423,D
200,near_dup,4.0,8,2548,0.6221,Acute laryngitis,D,D,True,True,0.12634981144219637,D
201,disjoint,0.0,8,3029,0.7395,PSVT,D,D,True,True,0.07755790770170279,D
201,random,1.0,8,3403,0.8308,PSVT,D,D,True,True,0.015329919755458832,D
201,near_dup,4.0,8,2371,0.5789,PSVT,D,D,True,True,0.07409462705254555,D
202,disjoint,0.0,8,2814,0.687,Possible NSTEMI / STEMI,C,C,True,True,0.07368086231895887,C) Possible NSTEMI / STEMI
202,random,0.75,8,2809,0.6858,Possible NSTEMI / STEMI,C,C,True,True,0.06417263643373872,C
202,near_dup,4.0,8,3450,0.8423,Possible NSTEMI / STEMI,C,C,True,True,0.11755248394183582,C
203,disjoint,0.0,8,3358,0.8198,Acute laryngitis,B,A,False,True,0.06804740629038501,A) Viral pharyngitis
203,random,0.5,8,3153,0.7698,Acute laryngitis,B,A,False,True,0.05265770245630029,A) Viral pharyngitis
203,near_dup,4.0,8,2560,0.625,Acute laryngitis,B,A,False,True,0.07410375548753716,A) Viral pharyngitis
204,disjoint,0.0,8,3016,0.7363,Pulmonary neoplasm,C,C,True,True,0.0021888003420826863,C
204,random,0.5,8,3019,0.7371,Pulmonary neoplasm,C,C,True,True,0.0014138512024146621,C
204,near_dup,4.0,8,2942,0.7183,Pulmonary neoplasm,C,C,True,True,0.0014779523949073337,C
205,disjoint,0.0,8,3060,0.7471,Viral pharyngitis,E,E,True,True,0.14465006813406944,E
205,random,0.375,8,3051,0.7449,Viral pharyngitis,E,A,False,True,0.3523276509658899,A
205,near_dup,4.0,8,2509,0.6125,Viral pharyngitis,E,E,True,True,0.3243569266414852,E
206,disjoint,0.0,8,2869,0.7004,Atrial fibrillation,E,E,True,True,0.2100647048209794,E
206,random,0.5,8,2678,0.6538,Atrial fibrillation,E,E,True,True,0.01127161608252436,E
206,near_dup,4.0,8,2683,0.655,Atrial fibrillation,E,E,True,True,0.027019339613616467,E
207,disjoint,0.0,8,3011,0.7351,Inguinal hernia,A,A,True,True,0.06871522552501119,A) Inguinal hernia
207,random,0.5,8,3186,0.7778,Inguinal hernia,A,A,True,True,0.08842088061152253,A) Inguinal hernia
207,near_dup,3.0,8,3657,0.8928,Inguinal hernia,A,A,True,True,0.09997251368463367,A) Inguinal hernia
208,disjoint,0.0,8,3136,0.7656,URTI,A,A,True,True,0.13342617778335372,A) URTI
208,random,1.0,8,3006,0.7339,URTI,A,A,True,True,0.048695409103520625,A) URTI
208,near_dup,4.0,8,3650,0.8911,URTI,A,A,True,True,0.04178908565480318,A) URTI
209,disjoint,0.0,8,3342,0.8159,HIV (initial infection),D,D,True,True,0.0008277653614641167,D
209,random,1.125,8,3360,0.8203,HIV (initial infection),D,D,True,True,0.0006913391791840695,D
209,near_dup,4.0,8,3721,0.9084,HIV (initial infection),D,D,True,True,0.049347974425472785,D
210,disjoint,0.0,8,2956,0.7217,Anaphylaxis,A,A,True,True,0.0564574813180546,A) Anaphylaxis
210,random,0.375,8,3317,0.8098,Anaphylaxis,A,A,True,True,0.10417736657326516,A) Anaphylaxis
210,near_dup,3.0,8,3803,0.9285,Anaphylaxis,A,A,True,True,0.3317921253238154,A
211,disjoint,0.0,8,2839,0.6931,Viral pharyngitis,C,C,True,True,0.37474900111556053,C
211,random,0.75,8,2991,0.7302,Viral pharyngitis,C,B,False,True,0.14834362757687813,B
211,near_dup,4.0,8,3327,0.8123,Viral pharyngitis,C,B,False,True,0.2090902354334503,B
212,disjoint,0.0,8,3025,0.7385,Anaphylaxis,D,D,True,True,0.13957979587787253,D) Anaphylaxis
212,random,0.375,8,3015,0.7361,Anaphylaxis,D,D,True,True,0.35535096178455206,D
212,near_dup,4.0,8,3046,0.7437,Anaphylaxis,D,D,True,True,0.3231004756074185,D
213,disjoint,0.0,8,3030,0.7397,Stable angina,D,A,False,True,0.07469962409227264,A) Possible NSTEMI / STEMI
213,random,0.625,8,2550,0.6226,Stable angina,D,A,False,True,0.040726701618913806,A) Possible NSTEMI / STEMI
213,near_dup,4.0,8,2948,0.7197,Stable angina,D,A,False,True,0.10298021682755235,A) Possible NSTEMI / STEMI
215,disjoint,0.0,8,3009,0.7346,GERD,B,B,True,True,0.0019661175060150526,B
215,random,1.25,8,3741,0.9133,GERD,B,B,True,True,0.01665013206746835,B
215,near_dup,3.75,8,2603,0.6355,GERD,B,B,True,True,0.0008220978900226328,B
216,disjoint,0.0,8,3100,0.7568,Atrial fibrillation,C,B,False,True,0.004391776630654931,B
216,random,1.0,8,3256,0.7949,Atrial fibrillation,C,C,True,True,0.012240918586030602,C
216,near_dup,4.0,8,2468,0.6025,Atrial fibrillation,C,B,False,True,0.3778904927894473,B
217,disjoint,0.0,8,3497,0.8538,Epiglottitis,E,D,False,True,0.04167304437032726,D
217,random,0.75,8,3354,0.8188,Epiglottitis,E,D,False,True,0.1275633662880864,D
217,near_dup,3.0,8,2558,0.6245,Epiglottitis,E,D,False,True,0.14129059527476784,D
218,disjoint,0.0,8,2829,0.6907,Myasthenia gravis,D,D,True,True,0.03816081168113428,D
218,random,0.625,8,2922,0.7134,Myasthenia gravis,D,D,True,True,0.03776978095142525,D
218,near_dup,3.25,8,2437,0.595,Myasthenia gravis,D,D,True,True,0.35271557645241103,D
219,disjoint,0.0,8,3311,0.8083,Viral pharyngitis,D,A,False,True,0.02024366459099585,A) Acute laryngitis
219,random,1.0,8,3083,0.7527,Viral pharyngitis,D,A,False,True,0.029323392502002815,A) Acute laryngitis
219,near_dup,4.0,8,2487,0.6072,Viral pharyngitis,D,B,False,True,0.01502999197691679,B
220,disjoint,0.0,8,2612,0.6377,Myocarditis,C,E,False,True,0.12700843399409223,E
220,random,1.0,8,3072,0.75,Myocarditis,C,A,False,True,0.17043028095489327,A) Pericarditis
220,near_dup,4.0,8,2517,0.6145,Myocarditis,C,E,False,True,0.34964320063591003,E
222,disjoint,0.0,8,3318,0.8101,Pancreatic neoplasm,D,D,True,True,0.0012826333368138876,D
222,random,1.0,8,3234,0.7896,Pancreatic neoplasm,D,D,True,True,0.004520849933214777,D
222,near_dup,4.0,8,3362,0.8208,Pancreatic neoplasm,D,D,True,True,0.0007888779024369796,D
223,disjoint,0.0,8,2735,0.6677,Acute dystonic reactions,C,C,True,True,0.03795577691523988,C
223,random,0.75,8,2703,0.6599,Acute dystonic reactions,C,C,True,True,0.014646308771261829,C
223,near_dup,4.0,8,2361,0.5764,Acute dystonic reactions,C,C,True,True,0.044990213754999786,C
224,disjoint,0.0,8,3494,0.853,Acute pulmonary edema,E,E,True,True,0.25356020336039364,E
224,random,0.625,8,3397,0.8293,Acute pulmonary edema,E,A,False,True,0.08537831646390259,A
224,near_dup,3.0,8,2933,0.7161,Acute pulmonary edema,E,E,True,True,0.14108123630285263,E
225,disjoint,0.0,8,3396,0.8291,Pulmonary neoplasm,C,C,True,True,0.02134373877197504,C
225,random,1.25,8,2701,0.6594,Pulmonary neoplasm,C,C,True,True,0.014106647635344416,C
225,near_dup,3.875,8,3916,0.9561,Pulmonary neoplasm,C,C,True,True,0.06443786050112976,C
226,disjoint,0.0,8,2890,0.7056,Guillain-Barré syndrome,D,D,True,True,0.04761064863487263,D
226,random,0.375,8,3156,0.7705,Guillain-Barré syndrome,D,D,True,True,0.0005948254363943306,D
226,near_dup,4.0,8,2568,0.627,Guillain-Barré syndrome,D,D,True,True,0.4316835291683674,D
227,disjoint,0.0,8,2922,0.7134,Pulmonary embolism,A,A,True,True,0.08705325194303004,A) Pulmonary embolism
227,random,1.625,8,3312,0.8086,Pulmonary embolism,A,A,True,True,0.04390705963561947,A) Pulmonary embolism
227,near_dup,4.0,8,2956,0.7217,Pulmonary embolism,A,A,True,True,0.24952018784389907,A
228,disjoint,0.0,8,2950,0.7202,Pericarditis,E,B,False,True,0.31886474159546196,B
228,random,1.625,8,2517,0.6145,Pericarditis,E,E,True,True,0.1272292472422123,E
228,near_dup,4.0,8,3586,0.8755,Pericarditis,E,E,True,True,0.3222956573117699,E
229,disjoint,0.0,8,3275,0.7996,Inguinal hernia,A,B,False,True,0.1303171142935753,B
229,random,0.75,8,3046,0.7437,Inguinal hernia,A,B,False,True,0.02462678961455822,B
229,near_dup,3.0,8,3635,0.8875,Inguinal hernia,A,B,False,True,0.7891839444637299,B
230,disjoint,0.0,8,2792,0.6816,Panic attack,C,E,False,True,0.07905814990226645,E
230,random,1.5,8,3358,0.8198,Panic attack,C,C,True,True,0.39104075357317924,C
230,near_dup,4.0,8,3649,0.8909,Panic attack,C,E,False,True,0.003878646530210972,E
231,disjoint,0.0,8,3341,0.8157,Acute pulmonary edema,A,A,True,True,0.6484236121177673,A
231,random,0.75,8,3360,0.8203,Acute pulmonary edema,A,A,True,True,0.1496526419226143,A) Acute pulmonary edema
231,near_dup,3.0,8,3131,0.7644,Acute pulmonary edema,A,A,True,True,0.08818789061479038,A) Acute pulmonary edema
232,disjoint,0.0,8,3241,0.7913,Sarcoidosis,E,A,False,True,0.07309451626998112,A) Possible NSTEMI / STEMI
232,random,0.375,8,3192,0.7793,Sarcoidosis,E,C,False,True,0.2062918096780777,C
232,near_dup,3.0,8,2729,0.6663,Sarcoidosis,E,A,False,True,1.0973132848739624,A
233,disjoint,0.0,8,3368,0.8223,Inguinal hernia,A,A,True,True,0.053954184116264514,A) Inguinal hernia
233,random,0.25,8,3097,0.7561,Inguinal hernia,A,A,True,True,0.3221589662207407,A
233,near_dup,3.0,8,3688,0.9004,Inguinal hernia,A,A,True,True,0.35277838977890497,A
234,disjoint,0.0,8,3224,0.7871,Atrial fibrillation,C,C,True,True,0.012191454681669711,C
234,random,0.875,8,2899,0.7078,Atrial fibrillation,C,C,True,True,0.028692458489558703,C
234,near_dup,4.0,8,2599,0.6345,Atrial fibrillation,C,C,True,True,0.07336879262174989,C
235,disjoint,0.0,8,2782,0.6792,PSVT,C,C,True,True,0.11011350876651704,C
235,random,0.625,8,2990,0.73,PSVT,C,B,False,True,0.0010375790643593064,B
235,near_dup,4.0,8,3334,0.814,PSVT,C,B,False,True,0.024501152336597443,B
236,disjoint,0.0,8,2958,0.7222,Panic attack,D,D,True,True,0.020772007306334217,D
236,random,0.0,8,2958,0.7222,Panic attack,D,D,True,True,0.020772007306334217,D
236,near_dup,3.0,8,3297,0.8049,Panic attack,D,D,True,True,0.010181304381376322,D
237,disjoint,0.0,8,3295,0.8044,Pericarditis,C,A,False,True,0.0137615622641313,A) Possible NSTEMI / STEMI
237,random,0.625,8,2841,0.6936,Pericarditis,C,A,False,True,0.08197934304765653,A) Possible NSTEMI / STEMI
237,near_dup,4.0,8,3131,0.7644,Pericarditis,C,C,True,True,0.03765678030322306,C
238,disjoint,0.0,8,3078,0.7515,Influenza,D,B,False,True,0.31327859684824944,B
238,random,0.625,8,2712,0.6621,Influenza,D,B,False,True,0.06569866758582066,B
238,near_dup,4.0,8,2726,0.6655,Influenza,D,D,True,True,0.3487780005671084,D
239,disjoint,0.0,8,2900,0.708,GERD,E,E,True,True,0.00701451737768366,E
239,random,1.125,8,3094,0.7554,GERD,E,E,True,True,0.018627487093908712,E
239,near_dup,4.0,8,3205,0.7825,GERD,E,E,True,True,0.019616015710198553,E
240,disjoint,0.0,8,3148,0.7686,Anaphylaxis,C,C,True,True,0.01212596032546287,C
240,random,0.625,8,2926,0.7144,Anaphylaxis,C,C,True,True,0.0035464715703454885,C
240,near_dup,3.0,8,3401,0.8303,Anaphylaxis,C,C,True,True,0.14963450326206384,C
241,disjoint,0.0,8,3551,0.8669,Pulmonary embolism,C,C,True,True,0.3970506191253662,C
241,random,0.75,8,3198,0.7808,Pulmonary embolism,C,C,True,True,0.005363057542126626,C
241,near_dup,3.125,8,3071,0.7498,Pulmonary embolism,C,C,True,True,0.04091699863784015,C
242,disjoint,0.0,8,2950,0.7202,Pericarditis,A,C,False,True,0.15013867989182472,C
242,random,1.25,8,3389,0.8274,Pericarditis,A,C,False,True,0.005944571283180267,C
242,near_dup,3.25,8,3458,0.8442,Pericarditis,A,C,False,True,0.07510262634605169,C
243,disjoint,0.0,8,3208,0.7832,Pericarditis,A,A,True,True,0.09846700080859298,A) Pericarditis
243,random,0.875,8,3205,0.7825,Pericarditis,A,D,False,True,0.07016195235246414,D
243,near_dup,4.0,8,3383,0.8259,Pericarditis,A,A,True,True,0.32604786357842386,A
244,disjoint,0.0,8,3353,0.8186,Localized edema,E,E,True,True,0.013140653260052204,E
244,random,0.875,8,2958,0.7222,Localized edema,E,E,True,True,0.03394073888193816,E
244,near_dup,3.125,8,3660,0.8936,Localized edema,E,E,True,True,0.2090758979320526,E
245,disjoint,0.0,8,3079,0.7517,Pericarditis,B,D,False,True,0.34254182866152405,D
245,random,0.625,8,3281,0.801,Pericarditis,B,D,False,True,0.1372888328442059,D
245,near_dup,4.0,8,2824,0.6895,Pericarditis,B,B,True,True,0.23985011130571365,B
246,disjoint,0.0,8,3084,0.7529,Anemia,E,E,True,True,0.02696468189526513,E
246,random,0.75,8,2937,0.717,Anemia,E,E,True,True,0.00910198361862058,E
246,near_dup,3.0,8,3300,0.8057,Anemia,E,E,True,True,0.07203564764358816,E
247,disjoint,0.0,8,2758,0.6733,Acute dystonic reactions,D,A,False,True,0.14949747035927885,A
247,random,0.625,8,3020,0.7373,Acute dystonic reactions,D,A,False,True,0.14970052771429465,A
247,near_dup,4.0,8,2250,0.5493,Acute dystonic reactions,D,A,False,True,0.07724959598189843,A) Myasthenia gravis
248,disjoint,0.0,8,3247,0.7927,Acute dystonic reactions,D,D,True,True,0.016285490983740658,D
248,random,0.5,8,2981,0.7278,Acute dystonic reactions,D,D,True,True,0.03960658051073551,D
248,near_dup,4.0,8,2245,0.5481,Acute dystonic reactions,D,D,True,True,0.15935144223578845,D
249,disjoint,0.0,8,2864,0.6992,Tuberculosis,B,B,True,True,0.0016817027188551492,B
249,random,0.75,8,2828,0.6904,Tuberculosis,B,B,True,True,0.0017658178891792886,B
249,near_dup,4.0,8,2282,0.5571,Tuberculosis,B,B,True,True,0.006360665514421271,B
250,disjoint,0.0,8,2984,0.7285,Bronchospasm / acute asthma exacerbation,A,A,True,True,0.04697596011647365,A) Bronchospasm / acute asthma exacerbation
250,random,1.0,8,2905,0.7092,Bronchospasm / acute asthma exacerbation,A,A,True,True,0.020306119812732486,A) Bronchospasm / acute asthma exacerbation
250,near_dup,3.5,8,2549,0.6223,Bronchospasm / acute asthma exacerbation,A,A,True,True,0.04036181776036448,A) Bronchospasm / acute asthma exacerbation
251,disjoint,0.0,8,2934,0.7163,Possible NSTEMI / STEMI,A,A,True,True,0.06438174940800537,A) Possible NSTEMI / STEMI
251,random,0.5,8,3121,0.762,Possible NSTEMI / STEMI,A,A,True,True,0.3495390584290874,A
251,near_dup,4.0,8,3286,0.8022,Possible NSTEMI / STEMI,A,A,True,True,0.05437921361559006,A) Possible NSTEMI / STEMI
252,disjoint,0.0,8,3064,0.748,URTI,E,B,False,True,0.22852362506091595,B
252,random,0.375,8,2922,0.7134,URTI,E,B,False,True,0.01120680570602417,B
252,near_dup,4.0,8,3803,0.9285,URTI,E,B,False,True,0.17347241938114166,B
253,disjoint,0.0,8,3286,0.8022,Bronchospasm / acute asthma exacerbation,B,B,True,True,0.0005610942971543409,B
253,random,0.125,8,3130,0.7642,Bronchospasm / acute asthma exacerbation,B,B,True,True,0.001060226873960346,B
253,near_dup,4.0,8,2313,0.5647,Bronchospasm / acute asthma exacerbation,B,B,True,True,0.00893080540572555,B
254,disjoint,0.0,8,3238,0.7905,Bronchitis,A,A,True,True,0.09817431447390845,A) Bronchitis
254,random,0.75,8,3055,0.7458,Bronchitis,A,A,True,True,0.5330110266804695,A
254,near_dup,3.75,8,3828,0.9346,Bronchitis,A,A,True,True,0.344955425709486,A
255,disjoint,0.0,8,3033,0.7405,Pulmonary embolism,A,A,True,True,0.04456012847529678,A) Pulmonary embolism
255,random,0.75,8,3019,0.7371,Pulmonary embolism,A,A,True,True,0.06859309426130267,A) Pulmonary embolism
255,near_dup,4.0,8,3314,0.8091,Pulmonary embolism,A,A,True,True,0.17537272417666827,A) Pulmonary embolism
256,disjoint,0.0,8,3016,0.7363,Viral pharyngitis,D,D,True,True,0.1025651344389189,D
256,random,1.25,8,2942,0.7183,Viral pharyngitis,D,D,True,True,0.0073032790824072435,D
256,near_dup,4.0,8,2578,0.6294,Viral pharyngitis,D,B,False,True,0.07088906317949295,B
257,disjoint,0.0,8,3182,0.7769,Pneumonia,C,C,True,True,0.01622625566960778,C
257,random,1.75,8,2817,0.6877,Pneumonia,C,C,True,True,0.00992633296709755,C
257,near_dup,4.0,8,3568,0.8711,Pneumonia,C,C,True,True,0.1114746481180191,C
258,disjoint,0.0,8,2562,0.6255,GERD,B,B,True,True,0.014549536073673153,B
258,random,0.75,8,3041,0.7424,GERD,B,B,True,True,0.009314432909377501,B
258,near_dup,4.0,8,3503,0.8552,GERD,B,B,True,True,0.0016077399422940175,B
259,disjoint,0.0,8,3096,0.7559,Unstable angina,B,E,False,True,0.008184941332729068,E
259,random,1.25,8,3617,0.8831,Unstable angina,B,B,True,True,0.22082344023510814,B
259,near_dup,4.0,8,3118,0.7612,Unstable angina,B,B,True,True,0.169239986455068,B
260,disjoint,0.0,8,2997,0.7317,SLE,D,C,False,True,0.34731278995034387,"C) Possible NSTEMI / STEMI

The patient's symptoms include pain in multiple locations (back of the neck, ankle, wrist, shoulder) and"
260,random,0.125,8,3013,0.7356,SLE,D,B,False,True,0.455163038788712,"Given the symptoms and history provided, the most likely diagnosis is:

B) Unstable angina

The presence of chest pain (sharp, located in various areas"
260,near_dup,4.0,8,3357,0.8196,SLE,D,E,False,True,0.3858613948129559,"Given the symptoms and history provided, the most likely diagnosis is:

E) Stable angina

The patient's history includes chronic conditions such as diabetes, high cholesterol"
261,disjoint,0.0,8,2943,0.7185,Anaphylaxis,B,B,True,True,0.00295750706349196,B
261,random,1.0,8,2852,0.6963,Anaphylaxis,B,B,True,True,0.0011951813442863113,B
261,near_dup,4.0,8,2570,0.6274,Anaphylaxis,B,B,True,True,0.03539120193636336,B
262,disjoint,0.0,8,3652,0.8916,Acute pulmonary edema,E,B,False,True,0.15317200869321823,B
262,random,1.125,8,3537,0.8635,Acute pulmonary edema,E,D,False,True,0.14885933510959148,D
262,near_dup,4.0,8,3575,0.8728,Acute pulmonary edema,E,B,False,True,0.42217955365777016,B
263,disjoint,0.0,8,3262,0.7964,Atrial fibrillation,C,C,True,True,0.022741281194612384,C
263,random,0.375,8,3438,0.8394,Atrial fibrillation,C,C,True,True,0.2561409380286932,C
263,near_dup,4.0,8,2912,0.7109,Atrial fibrillation,C,C,True,True,0.17348241107538342,C
264,disjoint,0.0,8,3015,0.7361,Acute otitis media,B,E,False,True,0.23891790944617242,E
264,random,0.75,8,2975,0.7263,Acute otitis media,B,B,True,True,0.14587370539084077,B
264,near_dup,4.0,8,2774,0.6772,Acute otitis media,B,B,True,True,0.00039941800775977754,B
265,disjoint,0.0,8,3260,0.7959,Possible NSTEMI / STEMI,D,D,True,True,0.2233481125677912,D
265,random,0.875,8,3183,0.7771,Possible NSTEMI / STEMI,D,D,True,True,0.09106531508542659,D
265,near_dup,3.25,8,3097,0.7561,Possible NSTEMI / STEMI,D,D,True,True,0.021220370087576157,D
266,disjoint,0.0,8,3078,0.7515,Possible NSTEMI / STEMI,A,A,True,True,0.024536092295368662,A) Possible NSTEMI / STEMI
266,random,1.75,8,3236,0.79,Possible NSTEMI / STEMI,A,A,True,True,0.03319970810170005,A) Possible NSTEMI / STEMI
266,near_dup,4.0,8,3015,0.7361,Possible NSTEMI / STEMI,A,A,True,True,0.016224016809348995,A) Possible NSTEMI / STEMI
267,disjoint,0.0,8,3009,0.7346,Panic attack,C,C,True,True,0.0076079972786828876,C
267,random,0.875,8,3012,0.7354,Panic attack,C,C,True,True,0.03870489895876972,C
267,near_dup,3.375,8,3477,0.8489,Panic attack,C,C,True,True,0.054493780723532836,C
268,disjoint,0.0,8,3273,0.7991,Panic attack,E,E,True,True,0.048466168344020844,E
268,random,0.75,8,3190,0.7788,Panic attack,E,B,False,True,0.017579674371518195,B
268,near_dup,3.625,8,3698,0.9028,Panic attack,E,E,True,True,0.15396354941185564,E
269,disjoint,0.0,8,3576,0.873,Viral pharyngitis,D,D,True,True,0.03168847484022308,D
269,random,0.375,8,3544,0.8652,Viral pharyngitis,D,D,True,True,0.08439634692973641,D
269,near_dup,4.0,8,2380,0.5811,Viral pharyngitis,D,D,True,True,0.1849352036141454,D
270,disjoint,0.0,8,3474,0.8481,URTI,B,B,True,True,0.3897518888115883,B
270,random,0.875,8,3296,0.8047,URTI,B,B,True,True,0.015777679607708706,B
270,near_dup,4.0,8,3490,0.8521,URTI,B,B,True,True,0.0931676047766814,B
271,disjoint,0.0,8,2801,0.6838,Panic attack,C,C,True,True,0.015821250999579206,C
271,random,0.625,8,2872,0.7012,Panic attack,C,C,True,True,0.029104829765856266,C
271,near_dup,3.0,8,3307,0.8074,Panic attack,C,C,True,True,0.011128879131092617,C
272,disjoint,0.0,8,3147,0.7683,Anemia,E,D,False,True,0.0018606869634822942,D
272,random,0.125,8,3344,0.8164,Anemia,E,D,False,True,0.00150602825669921,D
272,near_dup,3.0,8,2460,0.6006,Anemia,E,D,False,True,0.002184134667913895,D
273,disjoint,0.0,8,2871,0.7009,Atrial fibrillation,A,A,True,True,0.1034817214543199,A) Atrial fibrillation
273,random,1.0,8,2793,0.6819,Atrial fibrillation,A,A,True,True,0.3488532198367693,A
273,near_dup,4.0,8,2552,0.623,Atrial fibrillation,A,A,True,True,0.09642028658367963,A
274,disjoint,0.0,8,2949,0.72,Viral pharyngitis,C,B,False,True,0.3581221327185631,B
274,random,1.625,8,3158,0.771,Viral pharyngitis,C,B,False,True,0.038059160113334656,B
274,near_dup,4.0,8,2458,0.6001,Viral pharyngitis,C,C,True,True,0.08653215179219842,C
275,disjoint,0.0,8,3191,0.7791,Acute dystonic reactions,E,E,True,True,0.02357523157115793,E
275,random,0.5,8,3099,0.7566,Acute dystonic reactions,E,E,True,True,0.010921399234575802,E
275,near_dup,4.0,8,2345,0.5725,Acute dystonic reactions,E,E,True,True,0.170886762661965,E
276,disjoint,0.0,8,2736,0.668,Localized edema,C,A,False,True,0.09203850613053532,A) Pulmonary embolism
276,random,0.875,8,3270,0.7983,Localized edema,C,C,True,True,0.4638368785381317,C
276,near_dup,3.125,8,3703,0.9041,Localized edema,C,C,True,True,0.12828343307774048,C
277,disjoint,0.0,8,3281,0.801,Viral pharyngitis,D,C,False,True,0.25318022444844246,C
277,random,0.25,8,3552,0.8672,Viral pharyngitis,D,E,False,True,0.20749716879799962,E
277,near_dup,4.0,8,2501,0.6106,Viral pharyngitis,D,E,False,True,0.014536791830323637,E
278,disjoint,0.0,8,3157,0.7708,Pulmonary embolism,A,A,True,True,0.05312436815628985,A) Pulmonary embolism
278,random,1.125,8,2882,0.7036,Pulmonary embolism,A,A,True,True,0.08523406904774333,A) Pulmonary embolism
278,near_dup,4.0,8,2890,0.7056,Pulmonary embolism,A,A,True,True,0.6674959063529968,A
279,disjoint,0.0,8,3073,0.7502,Sarcoidosis,D,B,False,True,0.010023223348980537,B
279,random,0.625,8,2935,0.7166,Sarcoidosis,D,B,False,True,0.0065801243763417006,B
279,near_dup,3.625,8,3014,0.7358,Sarcoidosis,D,B,False,True,0.002157954964786768,B
280,disjoint,0.0,8,3082,0.7524,Bronchitis,E,E,True,True,0.009021509357125979,E
280,random,0.75,8,2900,0.708,Bronchitis,E,E,True,True,0.11908653867430985,E
280,near_dup,3.0,8,3415,0.8337,Bronchitis,E,E,True,True,0.2671913583762944,E
281,disjoint,0.0,8,3161,0.7717,Tuberculosis,A,A,True,True,0.6454178988933563,A
281,random,0.875,8,3091,0.7546,Tuberculosis,A,A,True,True,0.5014685392379761,A
281,near_dup,4.0,8,2178,0.5317,Tuberculosis,A,E,False,True,0.1551077895735164,E) Pneumonia
282,disjoint,0.0,8,2630,0.6421,URTI,C,C,True,True,0.26150905527174473,C
282,random,0.75,8,2719,0.6638,URTI,C,C,True,True,0.2378936787135899,C
282,near_dup,4.0,8,3934,0.9604,URTI,C,C,True,True,0.2225715553050899,C) URTI
283,disjoint,0.0,8,3437,0.8391,Pneumonia,D,B,False,True,0.3356615493539721,B
283,random,1.125,8,3546,0.8657,Pneumonia,D,D,True,True,0.0034533053731138352,D
283,near_dup,3.625,8,2803,0.6843,Pneumonia,D,D,True,True,0.2152814269065857,D
284,disjoint,0.0,8,3271,0.7986,Acute otitis media,A,E,False,True,0.2669067387490043,"E) URTI

Based on the symptoms of a cough, ear pain, fever, nasal congestion, and a runny nose, the most likely diagnosis"
284,random,0.875,8,3016,0.7363,Acute otitis media,A,E,False,True,0.1902835264321152,"E) URTI

Based on the symptoms and history provided, the most likely diagnosis is Upper Respiratory Tract Infection (URTI). The patient"
284,near_dup,4.0,8,2802,0.6841,Acute otitis media,A,A,True,True,0.36609036289155483,A
285,disjoint,0.0,8,3280,0.8008,Scombroid food poisoning,A,C,False,True,0.009201971703532763,C
285,random,0.375,8,3168,0.7734,Scombroid food poisoning,A,C,False,True,0.049143767213536194,C
285,near_dup,3.625,8,2995,0.7312,Scombroid food poisoning,A,C,False,True,0.037910995073616505,C
286,disjoint,0.0,8,3668,0.8955,Pneumonia,D,D,True,True,0.08713901822920889,D
286,random,0.375,8,3475,0.8484,Pneumonia,D,D,True,True,0.03564220541738905,D
286,near_dup,4.0,8,2623,0.6404,Pneumonia,D,D,True,True,0.037583887577056885,D
287,disjoint,0.0,8,3346,0.8169,Acute laryngitis,A,B,False,True,0.009713401086628437,B
287,random,1.0,8,3137,0.7659,Acute laryngitis,A,B,False,True,0.2722662189626135,B
287,near_dup,4.0,8,2542,0.6206,Acute laryngitis,A,C,False,True,0.1372561864554882,C
288,disjoint,0.0,8,2820,0.6885,Chagas,A,B,False,True,0.48588673770427704,B
288,random,0.75,8,2945,0.719,Chagas,A,A,True,True,0.6561658680438995,A
288,near_dup,3.375,8,3558,0.8687,Chagas,A,B,False,True,0.7930937288329005,B
289,disjoint,0.0,8,3740,0.9131,Pneumonia,B,B,True,True,0.02447622362524271,B
289,random,1.0,8,3227,0.7878,Pneumonia,B,B,True,True,0.0010569048608886078,B
289,near_dup,4.0,8,2710,0.6616,Pneumonia,B,B,True,True,0.05730052478611469,B
290,disjoint,0.0,8,3446,0.8413,URTI,A,A,True,True,0.22824662813850694,A) URTI
290,random,1.75,8,2913,0.7112,URTI,A,A,True,True,0.13552655744416123,A) URTI
290,near_dup,3.625,8,3241,0.7913,URTI,A,A,True,True,0.1050708071839459,A) URTI
291,disjoint,0.0,8,2804,0.6846,PSVT,E,B,False,True,0.003281388588959544,B
291,random,0.625,8,3175,0.7751,PSVT,E,B,False,True,0.002094525321538754,B
291,near_dup,4.0,8,3482,0.8501,PSVT,E,B,False,True,0.0023069035925686876,B
292,disjoint,0.0,8,3394,0.8286,GERD,B,B,True,True,0.04281161865219474,B
292,random,0.875,8,3457,0.844,GERD,B,B,True,True,0.08873006155545227,B
292,near_dup,3.0,8,3100,0.7568,GERD,B,B,True,True,0.009165898620267399,B
293,disjoint,0.0,8,3341,0.8157,Stable angina,D,D,True,True,0.02428235486149788,D
293,random,0.375,8,3449,0.842,Stable angina,D,D,True,True,0.004640791408746736,D
293,near_dup,4.0,8,3186,0.7778,Stable angina,D,D,True,True,0.0025376260564371478,D
294,disjoint,0.0,8,3123,0.7625,Bronchospasm / acute asthma exacerbation,C,C,True,True,0.0032802317463804798,C
294,random,1.375,8,3135,0.7654,Bronchospasm / acute asthma exacerbation,C,C,True,True,0.003196939175364122,C
294,near_dup,4.0,8,3239,0.7908,Bronchospasm / acute asthma exacerbation,C,C,True,True,0.005485841573594996,C
295,disjoint,0.0,8,3271,0.7986,Stable angina,D,C,False,True,0.1176150254791537,C
295,random,0.5,8,3280,0.8008,Stable angina,D,C,False,True,0.1552474107593298,C
295,near_dup,4.0,8,3400,0.8301,Stable angina,D,C,False,True,0.0014826370752416551,C
296,disjoint,0.0,8,2877,0.7024,Panic attack,A,A,True,True,0.04954721817966856,A
296,random,0.875,8,3154,0.77,Panic attack,A,A,True,True,0.08472720292047597,A
296,near_dup,3.375,8,3246,0.7925,Panic attack,A,A,True,True,0.02642146469250406,A
297,disjoint,0.0,8,2853,0.6965,Sarcoidosis,A,E,False,True,0.18421728521822978,"Given the symptoms and history provided, the most likely diagnosis is:

E) SLE (Systemic Lupus Erythematosus)

The widespread redness"
297,random,0.625,8,2545,0.6213,Sarcoidosis,A,A,True,True,1.1214696168899536,A
297,near_dup,3.5,8,3141,0.7668,Sarcoidosis,A,A,True,True,0.5483739674091339,A
298,disjoint,0.0,8,2981,0.7278,Anaphylaxis,A,A,True,True,0.09832951583628688,A) Anaphylaxis
298,random,1.0,8,3195,0.78,Anaphylaxis,A,A,True,True,0.3511883123566424,A
298,near_dup,3.125,8,3666,0.895,Anaphylaxis,A,A,True,True,0.13038600042208412,A) Anaphylaxis
299,disjoint,0.0,8,2988,0.7295,Anaphylaxis,A,A,True,True,0.3470745159378019,A
299,random,0.25,8,2872,0.7012,Anaphylaxis,A,A,True,True,0.1705884673703748,A
299,near_dup,3.125,8,3434,0.8384,Anaphylaxis,A,A,True,True,0.037631438543358264,A
300,disjoint,0.0,8,2713,0.6624,Viral pharyngitis,C,E,False,True,0.21921749040484428,E
300,random,0.875,8,3018,0.7368,Viral pharyngitis,C,C,True,True,0.26485544443130493,C
300,near_dup,4.0,8,2708,0.6611,Viral pharyngitis,C,C,True,True,0.07966382801532745,C
302,disjoint,0.0,8,2978,0.7271,Pancreatic neoplasm,D,D,True,True,0.004388368151921895,D
302,random,1.125,8,3111,0.7595,Pancreatic neoplasm,D,D,True,True,0.013549515744671226,D
302,near_dup,4.0,8,3791,0.9255,Pancreatic neoplasm,D,D,True,True,0.017473606974817812,D
303,disjoint,0.0,8,2876,0.7021,Atrial fibrillation,B,B,True,True,0.016492214161189622,B
303,random,0.625,8,2583,0.6306,Atrial fibrillation,B,B,True,True,0.0014332933351397514,B
303,near_dup,3.5,8,2704,0.6602,Atrial fibrillation,B,B,True,True,0.0030633308924734592,B
304,disjoint,0.0,8,3025,0.7385,Pneumonia,A,A,True,True,0.19477049075067043,A
304,random,1.875,8,2726,0.6655,Pneumonia,A,A,True,True,0.18095274246297777,A
304,near_dup,4.0,8,2554,0.6235,Pneumonia,A,E,False,True,0.40888677262190765,"Given the symptoms and history provided, the most likely diagnosis is:

E) Tuberculosis

The presence of coughing up blood, widespread muscle pain, a fever"
305,disjoint,0.0,8,3348,0.8174,SLE,E,E,True,True,0.011255043558776379,E
305,random,0.5,8,3063,0.7478,SLE,E,E,True,True,0.1238995622843504,E
305,near_dup,3.25,8,3479,0.8494,SLE,E,E,True,True,0.3245784640312195,E
306,disjoint,0.0,8,3072,0.75,Chronic rhinosinusitis,D,E,False,True,0.021599215688183904,E
306,random,0.125,8,3185,0.7776,Chronic rhinosinusitis,D,E,False,True,0.27273788768798113,E
306,near_dup,3.5,8,2905,0.7092,Chronic rhinosinusitis,D,E,False,True,0.00997194722367567,E
308,disjoint,0.0,8,2869,0.7004,Pulmonary embolism,B,B,True,True,0.000691099737764489,B
308,random,1.25,8,2798,0.6831,Pulmonary embolism,B,B,True,True,0.0006547998423229728,B
308,near_dup,4.0,8,3184,0.7773,Pulmonary embolism,B,B,True,True,0.0006146478546611434,B
309,disjoint,0.0,8,3021,0.7375,Acute rhinosinusitis,B,B,True,True,0.005835122198689646,B
309,random,0.75,8,3079,0.7517,Acute rhinosinusitis,B,B,True,True,0.005323360138561384,B
309,near_dup,3.375,8,3492,0.8525,Acute rhinosinusitis,B,B,True,True,0.010825495762333048,B
310,disjoint,0.0,8,2999,0.7322,Anemia,A,D,False,True,0.022579100914299488,D
310,random,0.75,8,3141,0.7668,Anemia,A,A,True,True,0.059180406054679224,A
310,near_dup,4.0,8,3955,0.9656,Anemia,A,A,True,True,0.14347774158281937,A) Anemia
311,disjoint,0.0,8,3317,0.8098,Chronic rhinosinusitis,E,E,True,True,0.02880995683153742,E
311,random,1.0,8,3329,0.8127,Chronic rhinosinusitis,E,E,True,True,0.03123274914655383,E
311,near_dup,4.0,8,2706,0.6606,Chronic rhinosinusitis,E,E,True,True,0.0053155285736465885,E
312,disjoint,0.0,8,2823,0.6892,Anemia,C,C,True,True,0.10747270137653686,C
312,random,0.75,8,3475,0.8484,Anemia,C,C,True,True,0.10830008950597403,C
312,near_dup,3.25,8,3249,0.7932,Anemia,C,C,True,True,0.006775070701280583,C
313,disjoint,0.0,8,2800,0.6836,Sarcoidosis,C,D,False,True,0.48966868688395504,"D) Possible NSTEMI / STEMI

Given the symptoms of swollen or painful lymph nodes, along with significant pain in multiple fingers and the wrist, and"
313,random,0.375,8,3038,0.7417,Sarcoidosis,C,C,True,True,0.2555782683407042,"Given the symptoms and history provided, the most likely diagnosis is:

C) Sarcoidosis

The presence of swollen or painful lymph nodes, along with pain"
313,near_dup,3.375,8,3014,0.7358,Sarcoidosis,C,D,False,True,0.46288326382637024,D
314,disjoint,0.0,8,3475,0.8484,Chronic rhinosinusitis,E,B,False,True,0.018870566988340443,B
314,random,0.375,8,3293,0.804,Chronic rhinosinusitis,E,B,False,True,0.029184700944469455,B
314,near_dup,4.0,8,3071,0.7498,Chronic rhinosinusitis,E,B,False,True,0.2896902876148033,B
315,disjoint,0.0,8,3145,0.7678,Viral pharyngitis,D,D,True,True,0.004804075721040135,D
315,random,0.625,8,2954,0.7212,Viral pharyngitis,D,D,True,True,0.0015016243560239673,D
315,near_dup,4.0,8,2488,0.6074,Viral pharyngitis,D,B,False,True,0.2725842119201982,"B) URTI (Upper Respiratory Tract Infection)

Given the symptoms and history, a URTI seems most likely, especially considering the presence"
316,disjoint,0.0,8,3486,0.8511,SLE,C,A,False,True,0.19570096294395967,A) Pulmonary embolism
316,random,0.5,8,3140,0.7666,SLE,C,C,True,True,0.29478970170021057,C
316,near_dup,3.0,8,2480,0.6055,SLE,C,C,True,True,0.20665493381875422,C
317,disjoint,0.0,8,2825,0.6897,Epiglottitis,D,D,True,True,0.02085952160996385,D
317,random,0.375,8,2974,0.7261,Epiglottitis,D,D,True,True,0.006062850734451786,D
317,near_dup,3.625,8,2507,0.6121,Epiglottitis,D,B,False,True,0.3000749833881855,B
318,disjoint,0.0,8,3405,0.8313,Pulmonary neoplasm,E,E,True,True,0.0012047098248331167,E
318,random,2.0,8,3527,0.8611,Pulmonary neoplasm,E,E,True,True,0.01972187074716203,E
318,near_dup,3.875,8,2330,0.5688,Pulmonary neoplasm,E,E,True,True,0.13765786119620316,E
319,disjoint,0.0,8,3291,0.8035,HIV (initial infection),E,E,True,True,0.0013950428437965456,E
319,random,0.25,8,3282,0.8013,HIV (initial infection),E,E,True,True,0.001214936650285381,E
319,near_dup,4.0,8,3685,0.8997,HIV (initial infection),E,E,True,True,0.006944465996639337,E
320,disjoint,0.0,8,3310,0.8081,Tuberculosis,A,A,True,True,0.48513707518577576,A
320,random,0.625,8,2890,0.7056,Tuberculosis,A,A,True,True,0.11378215673248633,A) Tuberculosis
320,near_dup,4.0,8,3014,0.7358,Tuberculosis,A,A,True,True,0.17335550211651024,A) Tuberculosis
321,disjoint,0.0,8,3078,0.7515,PSVT,A,A,True,True,0.16639693178149173,A
321,random,0.375,8,3240,0.791,PSVT,A,A,True,True,0.2081669105682522,A
321,near_dup,4.0,8,3169,0.7737,PSVT,A,A,True,True,0.34470761264674366,A
323,disjoint,0.0,8,3264,0.7969,Sarcoidosis,B,D,False,True,0.11220541828539296,D) Possible NSTEMI / STEMI
323,random,1.0,8,2768,0.6758,Sarcoidosis,B,B,True,True,0.0030838632374070585,B
323,near_dup,3.0,8,2665,0.6506,Sarcoidosis,B,B,True,True,0.009086197940632701,B
324,disjoint,0.0,8,3231,0.7888,Chronic rhinosinusitis,A,A,True,True,0.1747350000147776,A) Chronic rhinosinusitis
324,random,0.625,8,2762,0.6743,Chronic rhinosinusitis,A,D,False,True,0.002728378400206566,D
324,near_dup,4.0,8,2736,0.668,Chronic rhinosinusitis,A,D,False,True,0.0032609269183012657,D
325,disjoint,0.0,8,3278,0.8003,Anemia,D,D,True,True,0.000570709647668366,D
325,random,0.5,8,3026,0.7388,Anemia,D,D,True,True,0.0008430939228674106,D
325,near_dup,3.0,8,2640,0.6445,Anemia,D,D,True,True,0.002544469973742025,D
326,disjoint,0.0,8,2860,0.6982,Boerhaave,B,B,True,True,0.006490366067737341,B
326,random,0.75,8,2975,0.7263,Boerhaave,B,B,True,True,0.008533749654816347,B
326,near_dup,4.0,8,3244,0.792,Boerhaave,B,B,True,True,0.004119692457607016,B
327,disjoint,0.0,8,2620,0.6396,Myasthenia gravis,A,A,True,True,0.046125320040069084,A
327,random,0.25,8,2605,0.636,Myasthenia gravis,A,A,True,True,0.22559445400797173,A
327,near_dup,4.0,8,2781,0.679,Myasthenia gravis,A,A,True,True,0.05619820654979869,A) Myasthenia gravis
328,disjoint,0.0,8,2744,0.6699,GERD,C,C,True,True,0.09419539547525346,C
328,random,0.875,8,2616,0.6387,GERD,C,C,True,True,0.01858861714958948,C
328,near_dup,4.0,8,3156,0.7705,GERD,C,C,True,True,0.01973275528052909,C
329,disjoint,0.0,8,3003,0.7332,URTI,A,A,True,True,0.09421529826677026,A) URTI
329,random,0.625,8,2766,0.6753,URTI,A,A,True,True,0.04976910750456239,A) URTI
329,near_dup,4.0,8,3238,0.7905,URTI,A,A,True,True,0.10310135140495162,A) URTI
330,disjoint,0.0,8,3539,0.864,Bronchiectasis,C,A,False,True,0.09212823799794023,A
330,random,0.0,8,3539,0.864,Bronchiectasis,C,A,False,True,0.09212823799794023,A
330,near_dup,4.0,8,3757,0.9172,Bronchiectasis,C,A,False,True,0.03110143408523217,A) Acute COPD exacerbation / infection
331,disjoint,0.0,8,3353,0.8186,Stable angina,A,D,False,True,0.08560757817394915,D
331,random,0.75,8,2765,0.675,Stable angina,A,D,False,True,0.013606174878077582,D
331,near_dup,4.0,8,3293,0.804,Stable angina,A,A,True,True,0.21779057944513625,A) Stable angina
332,disjoint,0.0,8,3190,0.7788,Chronic rhinosinusitis,A,A,True,True,0.48778361082077026,A
332,random,0.25,8,3384,0.8262,Chronic rhinosinusitis,A,A,True,True,0.5801598727703094,A
332,near_dup,4.0,8,2909,0.7102,Chronic rhinosinusitis,A,E,False,True,0.014481439262453932,E
333,disjoint,0.0,8,3040,0.7422,URTI,C,D,False,True,0.00876396312378347,D
333,random,1.125,8,3169,0.7737,URTI,C,C,True,True,0.2302095513312897,C) URTI
333,near_dup,4.0,8,3124,0.7627,URTI,C,C,True,True,0.33768733733215583,C
334,disjoint,0.0,8,3396,0.8291,Influenza,D,E,False,True,0.5254975624843619,"E) URTI

The symptoms suggest a respiratory infection with fever, chills, rash, and other flu-like symptoms. These are consistent with an Upper"
334,random,1.5,8,3723,0.9089,Influenza,D,E,False,True,0.3613620000423844,"E) URTI (Upper Respiratory Tract Infection)

The symptoms described, including fever, chills, cough, nasal congestion, runny nose"
334,near_dup,4.0,8,2920,0.7129,Influenza,D,E,False,True,0.3124923806753941,E
335,disjoint,0.0,8,3273,0.7991,Unstable angina,C,E,False,True,0.0020545090210362105,E
335,random,0.375,8,3226,0.7876,Unstable angina,C,E,False,True,0.0682455375790596,E
335,near_dup,4.0,8,3030,0.7397,Unstable angina,C,D,False,True,0.014717468060553074,D
336,disjoint,0.0,8,3000,0.7324,Viral pharyngitis,D,D,True,True,0.036704665049910545,D
336,random,0.75,8,2945,0.719,Viral pharyngitis,D,D,True,True,0.0016776900738477707,D
336,near_dup,4.0,8,2685,0.6555,Viral pharyngitis,D,A,False,True,0.07228556957699084,A) URTI
337,disjoint,0.0,8,3316,0.8096,Spontaneous pneumothorax,C,C,True,True,0.00201533242051255,C
337,random,0.875,8,3102,0.7573,Spontaneous pneumothorax,C,C,True,True,0.004622472183598347,C
337,near_dup,4.0,8,3120,0.7617,Spontaneous pneumothorax,C,C,True,True,0.011047343839891255,C
339,disjoint,0.0,8,3209,0.7834,URTI,C,C,True,True,0.36749621419976686,"C) URTI

Given the symptoms of significantly increased sweating, diffuse muscle pain, nasal congestion, and a cough, along with recent contact with someone who"
339,random,0.625,8,2813,0.6868,URTI,C,C,True,True,0.2716662960697237,"C) URTI

Given the symptoms of significantly increased sweating, diffuse muscle pain, nasal congestion or a clear runny nose, and a cough, along"
339,near_dup,4.0,8,3296,0.8047,URTI,C,C,True,True,0.06475288399087731,C
340,disjoint,0.0,8,2791,0.6814,Viral pharyngitis,D,C,False,True,0.3033220305223949,C
340,random,0.5,8,3062,0.7476,Viral pharyngitis,D,C,False,True,0.06478289045753627,C
340,near_dup,4.0,8,2460,0.6006,Viral pharyngitis,D,C,False,True,0.1967648245929816,"C) URTI

Given the symptoms and history, the most likely diagnosis is Upper Respiratory Tract Infection (URTI). The presence of nasal"
341,disjoint,0.0,8,3301,0.8059,Bronchospasm / acute asthma exacerbation,E,E,True,True,0.0031553600372262736,E
341,random,1.0,8,3166,0.7729,Bronchospasm / acute asthma exacerbation,E,E,True,True,0.0002913593935538472,E
341,near_dup,4.0,8,2429,0.593,Bronchospasm / acute asthma exacerbation,E,E,True,True,0.00015129130358104703,E
342,disjoint,0.0,8,2880,0.7031,Acute dystonic reactions,C,C,True,True,0.11972125480707518,C
342,random,0.875,8,2973,0.7258,Acute dystonic reactions,C,C,True,True,0.13718367321826008,C
342,near_dup,4.0,8,2380,0.5811,Acute dystonic reactions,C,C,True,True,0.1590726666972273,C
343,disjoint,0.0,8,3238,0.7905,Possible NSTEMI / STEMI,E,E,True,True,0.0028056040573574137,E
343,random,1.375,8,3154,0.77,Possible NSTEMI / STEMI,E,E,True,True,0.1696700769243762,E
343,near_dup,4.0,8,3858,0.9419,Possible NSTEMI / STEMI,E,E,True,True,0.15209351014345884,E
344,disjoint,0.0,8,3214,0.7847,Myasthenia gravis,A,A,True,True,0.2785349268248183,A
344,random,0.5,8,3002,0.7329,Myasthenia gravis,A,A,True,True,0.31275102143217737,A
344,near_dup,4.0,8,2482,0.606,Myasthenia gravis,A,A,True,True,0.02610166197318146,A) Myasthenia gravis
345,disjoint,0.0,8,2902,0.7085,Influenza,E,A,False,True,0.4679437726736069,A
345,random,1.25,8,2922,0.7134,Influenza,E,A,False,True,0.31725464342162013,A
345,near_dup,4.0,8,3112,0.7598,Influenza,E,A,False,True,0.12760979094309732,A
347,disjoint,0.0,8,3421,0.8352,URTI,E,E,True,True,0.34584797186835203,E
347,random,0.5,8,3478,0.8491,URTI,E,E,True,True,0.1345022235999065,"E) URTI

Based on the symptoms and history provided, the most likely diagnosis is Upper Respiratory Tract Infection (URTI). The patient"
347,near_dup,4.0,8,3291,0.8035,URTI,E,E,True,True,0.3057513767853379,E
348,disjoint,0.0,8,2991,0.7302,Anemia,B,A,False,True,0.8607649803161621,A
348,random,0.25,8,2854,0.6968,Anemia,B,A,False,True,0.8347839713096619,A
348,near_dup,3.0,8,2561,0.6252,Anemia,B,B,True,True,0.14816460758447647,B
349,disjoint,0.0,8,3021,0.7375,Chronic rhinosinusitis,C,A,False,True,0.0625600736364965,A) Acute rhinosinusitis
349,random,1.25,8,2836,0.6924,Chronic rhinosinusitis,C,A,False,True,0.2782313779064225,A
349,near_dup,4.0,8,3079,0.7517,Chronic rhinosinusitis,C,A,False,True,0.019540512407427713,A) Acute rhinosinusitis
350,disjoint,0.0,8,3401,0.8303,Bronchospasm / acute asthma exacerbation,E,E,True,True,0.012452464550733566,E
350,random,0.75,8,3522,0.8599,Bronchospasm / acute asthma exacerbation,E,E,True,True,0.00214517253334634,E
350,near_dup,3.5,8,2487,0.6072,Bronchospasm / acute asthma exacerbation,E,E,True,True,0.2755388380246586,E
351,disjoint,0.0,8,3272,0.7988,URTI,B,B,True,True,0.031505960894719465,B
351,random,0.125,8,3241,0.7913,URTI,B,B,True,True,0.050076097469172964,B
351,near_dup,4.0,8,3584,0.875,URTI,B,B,True,True,0.1278518059466478,B
352,disjoint,0.0,8,3171,0.7742,Anemia,C,C,True,True,0.023193697896800813,C
352,random,0.375,8,3014,0.7358,Anemia,C,C,True,True,0.009918828946325675,C
352,near_dup,3.0,8,2404,0.5869,Anemia,C,C,True,True,0.0645852227657997,C
353,disjoint,0.0,8,3142,0.7671,Anemia,D,D,True,True,0.025914707468473352,D
353,random,1.125,8,3289,0.803,Anemia,D,D,True,True,0.011338689859258011,D
353,near_dup,3.0,8,2820,0.6885,Anemia,D,D,True,True,0.03457404294999833,D
354,disjoint,0.0,8,2876,0.7021,Myasthenia gravis,C,C,True,True,0.1995163271317324,C
354,random,0.375,8,2747,0.6707,Myasthenia gravis,C,C,True,True,0.02235861574399678,C
354,near_dup,4.0,8,2434,0.5942,Myasthenia gravis,C,C,True,True,0.12102577926475533,C
355,disjoint,0.0,8,2971,0.7253,Pulmonary embolism,E,D,False,True,0.5029971843934309,"D) Possible NSTEMI / STEMI

The patient's symptoms include severe chest pain radiating to the shoulders and back, which could indicate myocardial ischem"
355,random,1.875,8,2675,0.6531,Pulmonary embolism,E,E,True,True,0.003136056038783863,E
355,near_dup,4.0,8,2890,0.7056,Pulmonary embolism,E,E,True,True,0.159130363686927,E
357,disjoint,0.0,8,3205,0.7825,Acute rhinosinusitis,D,D,True,True,0.003551602008315058,D
357,random,1.0,8,2884,0.7041,Acute rhinosinusitis,D,D,True,True,0.0014801901836563047,D
357,near_dup,4.0,8,2809,0.6858,Acute rhinosinusitis,D,C,False,True,0.2876211032271385,C
358,disjoint,0.0,8,3351,0.8181,Localized edema,D,D,True,True,0.13961365818977356,D
358,random,0.75,8,3093,0.7551,Localized edema,D,D,True,True,0.09038950875401497,D
358,near_dup,3.125,8,3729,0.9104,Localized edema,D,D,True,True,0.28616030514240265,D
359,disjoint,0.0,8,3337,0.8147,Tuberculosis,E,A,False,True,0.08070146568968539,A) Pulmonary neoplasm
359,random,1.125,8,2956,0.7217,Tuberculosis,E,A,False,True,0.09104442857523054,A) Pulmonary neoplasm
359,near_dup,4.0,8,3325,0.8118,Tuberculosis,E,B,False,True,0.2316357921808958,B
360,disjoint,0.0,8,3529,0.8616,Myasthenia gravis,C,C,True,True,0.050725488076352576,C
360,random,0.125,8,3720,0.9082,Myasthenia gravis,C,C,True,True,0.29327506340268883,C
360,near_dup,4.0,8,2464,0.6016,Myasthenia gravis,C,C,True,True,0.20397211877207155,C
361,disjoint,0.0,8,3067,0.7488,Bronchitis,E,C,False,True,0.13779964484274387,C
361,random,0.875,8,2661,0.6497,Bronchitis,E,C,False,True,0.27502413047477603,C
361,near_dup,4.0,8,3287,0.8025,Bronchitis,E,C,False,True,0.05391826991126436,C
362,disjoint,0.0,8,2705,0.6604,Acute pulmonary edema,B,B,True,True,0.2460493697435595,B
362,random,0.875,8,3181,0.7766,Acute pulmonary edema,B,B,True,True,0.0019609645823948085,B
362,near_dup,4.0,8,3277,0.8,Acute pulmonary edema,B,B,True,True,0.07586712203919888,B
363,disjoint,0.0,8,3592,0.877,Panic attack,B,B,True,True,0.003634611493907869,B
363,random,0.5,8,3561,0.8694,Panic attack,B,B,True,True,0.0028550703427754343,B
363,near_dup,4.0,8,3889,0.9495,Panic attack,B,B,True,True,0.007548723374384281,B
364,disjoint,0.0,8,2842,0.6938,Acute dystonic reactions,D,D,True,True,0.05471731945979741,D
364,random,0.375,8,2969,0.7249,Acute dystonic reactions,D,D,True,True,0.013371387601182505,D
364,near_dup,4.0,8,2445,0.5969,Acute dystonic reactions,D,D,True,True,0.23603633921067058,D
365,disjoint,0.0,8,3219,0.7859,Anemia,E,E,True,True,0.03415336462194318,E
365,random,0.625,8,3237,0.7903,Anemia,E,E,True,True,0.004394490006461638,E
365,near_dup,3.625,8,3456,0.8438,Anemia,E,E,True,True,0.056374738839963356,E
366,disjoint,0.0,8,2869,0.7004,Anemia,E,E,True,True,0.005698872068023775,E
366,random,0.625,8,2842,0.6938,Anemia,E,E,True,True,0.013098955736495554,E
366,near_dup,4.0,8,3917,0.9563,Anemia,E,E,True,True,0.330012533991623,"E) Anemia

Given the symptoms of fatigue, dizziness, lightheadedness, and pallor, along with a poor diet and chronic kidney"
367,disjoint,0.0,8,3132,0.7646,Viral pharyngitis,E,E,True,True,0.002525681455153972,E
367,random,0.75,8,3432,0.8379,Viral pharyngitis,E,E,True,True,0.012390809124497082,E
367,near_dup,4.0,8,2784,0.6797,Viral pharyngitis,E,E,True,True,0.10389814036898315,E
368,disjoint,0.0,8,2971,0.7253,Acute laryngitis,A,D,False,True,0.22787878662347794,D
368,random,0.875,8,2917,0.7122,Acute laryngitis,A,A,True,True,0.22299794098944403,A
368,near_dup,4.0,8,2498,0.6099,Acute laryngitis,A,A,True,True,0.07851488168785181,A) Acute laryngitis
369,disjoint,0.0,8,3157,0.7708,Anemia,E,E,True,True,0.034133515786379576,E
369,random,0.125,8,2913,0.7112,Anemia,E,E,True,True,0.021968600864056498,E
369,near_dup,3.25,8,2627,0.6414,Anemia,E,E,True,True,0.07764921896159649,E
370,disjoint,0.0,8,3376,0.8242,Sarcoidosis,B,A,False,True,0.10481710354737572,A) Pulmonary embolism
370,random,0.5,8,2725,0.6653,Sarcoidosis,B,A,False,True,0.05638480821335179,A) Pulmonary embolism
370,near_dup,3.0,8,3576,0.873,Sarcoidosis,B,A,False,True,0.630010187625885,A
371,disjoint,0.0,8,2806,0.6851,Possible NSTEMI / STEMI,B,B,True,True,0.09243785473910293,B
371,random,0.375,8,2903,0.7087,Possible NSTEMI / STEMI,B,B,True,True,0.007086340380624279,B
371,near_dup,3.375,8,3145,0.7678,Possible NSTEMI / STEMI,B,B,True,True,0.0020675358794051135,B
373,disjoint,0.0,8,2725,0.6653,Viral pharyngitis,D,A,False,True,0.481310534941646,"A) URTI

Given the symptoms of cough, fever, nasal congestion, and the presence of multiple people in close proximity (living with 4 or"
373,random,0.625,8,2754,0.6724,Viral pharyngitis,D,A,False,True,0.1215963323607004,A) URTI
373,near_dup,4.0,8,2413,0.5891,Viral pharyngitis,D,A,False,True,0.20393862565931142,"A) URTI

Given the symptoms and history, this patient likely has an Upper Respiratory Tract Infection (URTI). The presence of cough"
374,disjoint,0.0,8,2789,0.6809,Anemia,D,D,True,True,0.12159000337123871,D
374,random,0.625,8,3065,0.7483,Anemia,D,D,True,True,0.006550635822350159,D
374,near_dup,3.0,8,3253,0.7942,Anemia,D,D,True,True,0.001594228206158732,D
375,disjoint,0.0,8,3170,0.7739,Pulmonary embolism,B,B,True,True,0.00520523069144474,B
375,random,1.375,8,2874,0.7017,Pulmonary embolism,B,B,True,True,0.008976466699095909,B
375,near_dup,4.0,8,2855,0.697,Pulmonary embolism,B,C,False,True,0.0952029824256897,C
376,disjoint,0.0,8,3002,0.7329,Viral pharyngitis,D,B,False,True,0.19106764672324061,B
376,random,0.875,8,2625,0.6409,Viral pharyngitis,D,B,False,True,0.0960402567870915,B
376,near_dup,4.0,8,2527,0.6169,Viral pharyngitis,D,B,False,True,0.31247984499350423,B
377,disjoint,0.0,8,3123,0.7625,Acute dystonic reactions,C,C,True,True,0.22315473828482624,C
377,random,1.5,8,3098,0.7563,Acute dystonic reactions,C,C,True,True,0.04984519607967286,C
377,near_dup,4.0,8,2255,0.5505,Acute dystonic reactions,C,C,True,True,0.11662395681577209,C
378,disjoint,0.0,8,2651,0.6472,Anemia,D,D,True,True,0.002436724819887104,D
378,random,0.875,8,3488,0.8516,Anemia,D,D,True,True,0.00783449958052529,D
378,near_dup,3.25,8,3592,0.877,Anemia,D,D,True,True,0.012218390041539351,D
379,disjoint,0.0,8,3472,0.8477,Bronchitis,A,A,True,True,0.09006080212054712,A) Bronchitis
379,random,1.375,8,3636,0.8877,Bronchitis,A,A,True,True,0.35402380861341953,A
379,near_dup,4.0,8,3072,0.75,Bronchitis,A,A,True,True,0.2670189365744591,A
380,disjoint,0.0,8,2826,0.6899,Anemia,D,D,True,True,0.054809943125306404,D
380,random,0.5,8,2947,0.7195,Anemia,D,D,True,True,0.02889164763291774,D
380,near_dup,3.875,8,2628,0.6416,Anemia,D,D,True,True,0.006970378777282349,D
381,disjoint,0.0,8,3214,0.7847,Bronchitis,A,A,True,True,0.029622861184179783,A
381,random,0.5,8,3218,0.7856,Bronchitis,A,A,True,True,0.2674414934590459,A
381,near_dup,4.0,8,2146,0.5239,Bronchitis,A,E,False,True,0.0815360655542463,E
382,disjoint,0.0,8,3197,0.7805,Acute COPD exacerbation / infection,D,D,True,True,0.008396691399418899,D
382,random,1.0,8,2930,0.7153,Acute COPD exacerbation / infection,D,D,True,True,0.001997190538716609,D
382,near_dup,4.0,8,3379,0.825,Acute COPD exacerbation / infection,D,D,True,True,0.0010687263238757794,D
383,disjoint,0.0,8,3304,0.8066,Viral pharyngitis,C,B,False,True,0.17306670878315344,B
383,random,0.75,8,3057,0.7463,Viral pharyngitis,C,B,False,True,0.0415080465736537,B
383,near_dup,4.0,8,2527,0.6169,Viral pharyngitis,C,B,False,True,0.2634922191500664,B
